product_id,Dato real,diciembre autogluon basico,febrero autogluon basico,Diciembre Autigluon 1,Febrero Autigluon 1,Diciembre Autigluon Avanzado,Febrero Autigluon Avanzado
20001,,1494.019378,1322.649995,1489.930122,1323.175867,1398.351269,1558.690198
20002,,1293.728817,1095.987024,1200.85591,1135.942477,1121.003129,1245.258649
20003,,957.351064,686.4997991,863.3352954,647.4258738,802.3174361,840.153544
20004,,738.7936479,526.9186062,669.2310596,527.5078409,687.8099306,635.9507399
20005,,690.431738,518.988848,611.2140985,542.0585768,694.9522788,629.3251181
20006,,521.02105,462.620064,453.3576297,473.9968736,425.1598868,455.9083596
20007,,470.7939944,400.7282858,409.7634954,408.7471235,393.4744229,425.5483622
20008,,471.3985031,394.3246078,423.1831054,397.2945428,379.2814844,369.1101991
20009,,500.8939584,490.0731104,476.1483123,492.1702237,493.1016662,558.2942742
20010,,443.5613314,381.8521798,378.2994565,390.6706921,386.7064175,431.603119
20011,,417.3255743,405.9357762,340.0343301,413.1958331,364.1238923,394.2980979
20012,,362.2591557,310.187908,316.7215702,325.3765547,298.6008004,299.3263481
20013,,447.3242557,390.8620063,395.8273795,402.3076147,397.5803057,390.6398901
20014,,436.3877806,393.5744564,392.860469,406.038133,401.0403228,432.4641875
20015,,424.3994936,364.0365578,400.8521265,343.7229952,361.2387377,377.5835902
20016,,325.7121429,292.8355033,294.5880784,290.6241636,272.9806146,298.9173243
20017,,311.6115034,277.1798249,273.5606713,279.9713087,262.4014272,272.2180944
20018,,305.6146022,257.1325233,254.4859991,260.1545969,243.889111,250.7256286
20019,,412.2124596,313.2146897,369.3809978,288.7186737,322.8928221,337.6612495
20020,,269.6138482,287.7847419,232.2021356,306.3228613,249.6293444,299.0738316
20021,,274.4176427,236.2435989,240.1939606,231.5215285,237.7934917,258.3695
20022,,273.9399878,257.7880989,209.32016,292.2413377,208.9009732,260.3669533
20023,,302.414657,215.7740964,287.6732892,207.6819665,283.6042685,250.9534055
20024,,229.0610068,219.7974985,207.7703232,212.9570541,208.5940314,214.2000664
20025,,209.8410182,223.3789498,191.8286226,222.272131,190.4772335,233.402607
20026,,253.8099528,236.5405502,234.5573859,236.9463362,216.91433,255.0083028
20027,,227.6043564,229.9826767,213.5496648,230.4015732,223.461299,238.3664577
20028,,209.4928539,201.4694795,185.2767101,216.9475982,166.3763039,187.1053911
20029,,200.5866705,181.5573652,174.8971009,181.5474679,158.991798,171.014514
20030,,189.669048,142.8330972,137.5374637,131.7450763,113.2145073,114.4295377
20031,,173.4757199,181.2892963,154.9048988,201.2919679,147.9755724,186.62562
20033,,194.4234746,125.7182983,589.862587,578.4596187,635.2988796,491.9978679
20035,,164.6508025,170.3009825,194.4517809,117.4012011,178.9023239,132.086026
20037,,127.6011657,178.1875482,149.7874773,165.133786,156.1421855,184.0167432
20038,,170.7359669,172.8927712,120.5747194,191.5659628,148.0940436,113.0476729
20039,,167.7206439,142.4034959,152.7750099,173.7828815,149.2671833,162.0912392
20041,,161.6112522,130.9205186,145.5281668,140.6864208,148.4189864,139.9624601
20042,,173.2773188,157.1908943,144.0386288,119.7716591,147.0676155,135.2196859
20043,,155.7972571,127.1333706,159.28012,167.338696,157.809075,170.5514353
20044,,176.0565845,158.8228337,140.0327068,125.8097839,131.4838245,134.294608
20045,,165.7013391,150.3206526,151.8014901,177.2480523,161.0073978,162.7461156
20046,,187.2300213,148.8938313,154.6056491,147.9982853,148.3090964,155.4829749
20047,,159.1618813,161.2319844,166.8611396,138.3859533,145.6175101,162.5724479
20050,,132.192843,127.2924225,146.8410809,184.7731787,141.7389032,150.8071815
20051,,143.976787,140.9060826,194.8566164,195.4676418,211.1187034,158.7843018
20052,,151.4925879,114.0229446,119.4595895,125.0757394,115.213065,132.7213777
20053,,148.1737501,148.9158505,126.7433284,138.5942483,130.2785213,149.5085581
20054,,143.9866454,136.0075258,129.0658253,117.7896086,126.6688177,115.2604416
20055,,131.3322283,100.9248052,135.4451048,159.0148511,137.9275117,157.9829979
20056,,136.759603,104.9890375,124.5835975,154.3197677,123.5230893,140.2134329
20057,,142.0654068,139.2848656,116.2852201,96.52645178,103.0756927,95.85510309
20058,,127.5971569,118.5781629,111.1822921,100.6601285,123.8235615,108.0192398
20059,,142.6825994,142.483018,126.247759,141.6855075,134.372474,143.7675365
20061,,141.8861138,134.4808352,122.0878578,118.7341283,113.1972455,124.2506125
20062,,109.6034046,101.1093207,123.3941382,150.8678173,128.9018418,142.2084206
20063,,129.3161659,122.9177672,124.0480795,146.4686217,126.9763213,137.32036
20065,,139.9851102,120.4415452,96.15149661,104.921835,84.68347517,92.2666224
20066,,99.59217026,115.6303023,118.6380199,123.1388282,118.4896479,131.9310568
20067,,107.8182004,109.0476837,119.571617,128.8712542,128.5784421,129.8739791
20068,,111.8402537,110.9927569,92.22981871,125.3565369,90.2437051,114.9348918
20069,,119.6096793,131.9078312,94.5728641,121.9309234,94.932538,107.087838
20070,,114.3297481,110.3244842,107.845395,111.1580158,104.3649124,114.9188051
20071,,114.8741984,121.1338297,111.1768726,136.2315304,121.6933728,141.7864338
20072,,103.8077804,93.43146675,108.1326269,114.0460266,106.59387,113.6203384
20073,,96.25407378,104.3055898,103.9289461,115.5244809,110.9323991,123.2767334
20074,,93.98050405,89.42254443,96.64432162,92.34715923,91.43033898,82.74794155
20075,,119.3431458,129.6050024,88.4541322,106.5688572,99.9673346,121.9476271
20076,,96.20204767,102.5673896,83.10807976,91.75596905,90.18425801,96.4441484
20077,,107.6865983,103.1254881,102.8808943,139.3700385,104.5303303,125.826265
20079,,72.77066526,58.63486995,88.98899959,105.1993378,93.48793072,103.161567
20080,,104.3849953,96.49101463,89.79927793,102.0398973,97.22661083,90.21626853
20081,,94.45476892,95.58332069,62.22192381,58.20131741,60.88233527,49.11029493
20082,,80.24422719,75.2933987,86.44222158,99.45634026,89.0239093,69.71725848
20084,,137.1400713,109.1729009,87.59923715,99.78735837,88.05733425,98.10420732
20086,,65.48150889,63.40015813,67.3360993,73.05694458,63.63054162,67.74656884
20087,,81.74619846,78.24917642,127.2560988,110.9806333,135.093598,145.289448
20090,,57.72818664,90.48234992,185.7564464,194.8358197,170.4257702,160.1234496
20091,,88.74559568,101.7826794,58.45591817,67.18595582,68.27345582,65.58667137
20092,,72.52575058,66.82002968,66.50815617,78.02522792,76.9062025,84.57248033
20093,,86.22183368,83.18506798,201.993782,190.9080427,178.3729189,116.6801956
20094,,95.88729449,98.96953016,51.61974301,94.77482591,61.58260213,61.34911906
20095,,93.20448808,73.36563015,82.60164282,104.5409251,92.46850533,108.1306683
20096,,74.13041631,76.21754175,62.24802592,62.95246661,67.24304477,66.39279965
20097,,82.20857435,70.99801033,77.57198046,83.86981844,79.1040746,86.30505636
20099,,77.51700968,70.34133735,81.95335481,104.9631606,77.17164713,95.34815271
20100,,98.92583719,63.63405438,84.4930463,70.15245981,84.53636238,79.04144872
20101,,82.06978106,77.93333991,64.62705521,80.56905074,78.15554436,69.02780541
20102,,57.30649143,38.04911856,61.65717565,67.70497555,58.17525343,58.62614427
20103,,75.25928254,78.25900158,69.90820997,69.63365217,61.18568284,64.10235623
20106,,75.48377854,72.25827338,98.6769852,63.4929722,109.1469471,10.0972132
20107,,89.0940955,78.39831025,75.58826559,77.73684875,72.0028528,78.59409388
20108,,82.63168268,63.01805002,32.70592874,34.33014603,38.07980547,32.83304177
20109,,68.14239564,69.63858396,71.68350636,82.39899728,71.13530506,76.14342818
20111,,79.01969745,80.79112267,69.6301228,76.35608392,67.14449295,74.91903773
20114,,64.20852162,62.37669799,85.04603219,75.6193026,79.82802794,82.35508526
20116,,107.2832106,91.46960953,77.19606707,55.88332205,71.7738896,74.09543498
20117,,57.63917073,50.47839209,58.19658869,69.62832757,54.8805928,64.23939793
20118,,76.92106275,59.65656486,71.61704356,89.49469996,72.34703675,81.3780243
20119,,95.03581756,51.20346225,71.14590102,95.37115579,79.42137778,84.2719569
20120,,74.47318185,66.14576178,59.79386712,66.27594143,60.20771856,63.19068907
20121,,102.1411592,77.9271337,93.85905271,86.84646677,93.57137516,108.9367606
20122,,68.50981755,69.33262377,50.98305444,52.25819669,46.70182658,49.1090157
20123,,66.499177,64.0979781,72.45507171,54.61982702,63.02141459,62.50974656
20124,,59.18545788,54.35613271,83.86404376,44.85810764,100.478174,52.10618235
20125,,69.93571035,65.687643,70.69311091,65.54274655,66.46690567,74.32615195
20129,,66.44648737,64.16757082,94.91293511,79.20467664,79.50997852,77.5267064
20132,,68.82085299,59.60059606,63.67778258,75.5669073,66.2286782,73.95745963
20133,,62.56198542,57.88015789,61.00197993,65.11699395,60.89535356,65.03009876
20134,,63.49300018,60.41235986,57.37404757,52.14433404,51.31286266,52.59950964
20137,,54.55558167,54.70825629,63.77413925,67.92448191,66.13964943,68.4575578
20138,,47.90886763,40.50200856,70.5139319,118.9830967,80.80772366,87.32772069
20139,,58.23513211,57.51656297,117.6398917,173.2894264,95.99865585,134.8183497
20140,,58.16106406,57.33194745,59.70542803,68.95628067,62.50343646,64.95617991
20142,,45.67142492,52.69493058,88.96065649,114.921405,89.46596859,89.45270306
20144,,50.19730289,53.95593455,65.61312218,59.29326327,59.49402528,63.72618433
20145,,50.82088259,53.3274114,56.20688427,59.41294848,55.19660463,57.4258263
20146,,59.67341982,41.55795439,55.40383013,63.58555458,57.49066612,62.87106792
20148,,45.85904106,61.23419177,86.51805221,95.58707608,86.06077215,86.51019022
20151,,54.78135096,43.09660057,52.44559959,57.08506205,52.22985978,55.40638303
20152,,37.74953548,45.22320736,42.52319965,39.63795526,32.48901085,37.01108666
20153,,42.41945212,47.48893799,52.72969287,59.7559199,52.61273976,58.0116672
20155,,42.34352422,48.75895394,52.01179762,61.33281141,48.61246629,55.3218989
20157,,39.26086412,47.33769835,43.06176768,59.15894958,49.66166332,52.39559006
20158,,64.69625869,53.40111244,90.64285969,98.47012801,89.86171935,75.52813241
20160,,51.4073216,51.51760111,47.39561094,56.31441284,44.93525831,51.57098521
20161,,58.00147663,54.99678642,46.59995945,63.1789547,48.48818437,55.6569828
20162,,33.71435073,43.97099693,56.7090427,38.23169788,49.07279811,48.51033544
20166,,47.50982032,48.72148863,39.57600679,68.12816236,56.91831492,68.00761681
20167,,38.87822527,40.7411221,55.60640591,105.5690621,62.42174926,72.42713502
20168,,37.1689588,23.83932362,48.63932277,40.34520222,44.91755498,40.82744546
20175,,50.10588546,35.41427388,34.19115645,57.29861041,42.58945883,39.8594274
20176,,36.95189257,36.92610295,39.62705539,56.99411392,43.93938204,49.47533558
20177,,36.67043946,37.20945225,39.37165829,57.6252535,41.68996266,50.51533726
20179,,36.72444831,34.29655397,36.30874558,57.27935475,39.61221047,50.71739039
20180,,37.1709251,36.4744581,62.47054054,54.88115013,51.59512239,60.82275994
20181,,38.23623534,39.25454317,67.89210499,82.59443669,68.30565208,64.15683585
20182,,39.84108323,36.65295852,46.25867786,52.72559963,50.33001584,55.2572769
20183,,29.51277851,26.37338445,56.55521347,52.62881535,54.42812751,57.1735827
20184,,36.08880451,35.20518595,29.61490444,42.29426052,43.13709579,59.15724499
20187,,38.23979506,34.53041659,52.60238163,67.43411429,61.05736454,66.67026395
20188,,35.87227205,32.83869282,41.65133646,48.88859483,44.33698043,48.37714426
20189,,34.98423374,33.76635754,35.19926878,46.50630194,37.62191379,43.5560124
20192,,37.46180092,40.96709581,31.00904145,25.29639011,27.16342237,21.34566739
20193,,32.64262447,35.12611251,65.58477384,84.84676623,64.62351337,63.09616223
20196,,34.3183323,33.1517924,129.6191457,110.6550077,115.4961585,100.4484641
20197,,30.89934284,32.74390126,43.70395093,34.9110002,41.06914531,40.84971286
20198,,37.68454715,36.16065845,34.70130147,40.71504804,33.29994648,35.77044742
20200,,35.55839934,32.63591535,33.75184237,40.27886361,33.27587961,35.83635886
20201,,32.24390504,32.93138125,31.63549723,35.39849255,32.18417748,33.70640732
20205,,34.13359633,37.1963432,34.94642094,37.21139746,37.25774068,41.24560372
20206,,31.28228673,32.523017,35.07257788,41.67745559,36.03409805,41.07170053
20207,,30.51282894,20.86330149,35.57649352,37.38809977,36.07507317,34.46597776
20208,,31.96067623,31.2885379,25.27932404,23.48732119,23.42045653,24.82260447
20209,,26.97274624,29.66215362,31.16115578,40.49128675,34.1328592,37.13873268
20211,,30.81288198,25.27390218,34.53099892,34.44729153,35.25723911,33.15921193
20212,,32.1330115,27.13059916,32.99801094,32.0294942,34.04589828,35.3524656
20215,,29.59955408,28.72486211,31.98781042,35.54603377,32.70694579,35.61178153
20216,,21.52618165,19.26857882,27.35708287,50.05400081,38.23944987,35.43726859
20219,,23.59341062,24.42634549,29.74996142,38.22203522,34.10181231,37.15049169
20220,,26.54477137,25.57007257,33.45915497,29.22647075,35.2322656,36.24686155
20222,,23.61434584,22.35567558,28.29049505,31.17497912,26.94551913,29.27020346
20224,,35.46077179,27.80098135,33.50496257,36.30509748,36.15240793,37.33739612
20225,,19.20185251,21.50632124,32.53521093,32.7581594,35.19300814,32.63485248
20226,,24.30792873,22.68388132,28.46825089,31.95067497,31.05852822,33.29842187
20227,,39.11185672,36.58608071,35.33345469,36.33032295,34.8300743,30.61510042
20228,,16.95365403,14.40789126,35.20698621,52.23484784,32.73304878,38.57792683
20230,,17.53701234,20.6905109,30.36032858,39.8515778,33.36049586,37.2465601
20231,,24.70227876,22.45961772,30.10549348,29.72459889,32.97727595,31.59422404
20232,,37.74838624,28.6039626,29.5208604,19.07370045,22.60137547,20.85091453
20233,,21.44532525,30.5265098,28.80888708,31.12638955,30.55649858,32.13063272
20234,,5.835558922,20.62802219,24.62704249,29.82773952,26.19069763,27.55069414
20235,,31.46787269,34.58459669,85.41947884,62.05831021,63.62889575,51.75446407
20238,,21.04765156,21.77524131,28.93346785,24.39782491,22.96141426,22.85620433
20239,,18.82054874,20.54956726,28.05338936,28.44212688,29.56191781,29.26473606
20240,,21.42174923,22.60864421,78.33145955,65.35046901,86.45522566,54.87406923
20241,,24.52917254,22.39388213,26.18689129,28.31792087,28.50039712,29.70636325
20242,,20.62138628,15.17633593,17.79111552,20.11260613,21.01490989,17.65175329
20244,,20.03349245,19.97431545,25.01802752,32.35856399,24.11103342,26.20162171
20246,,21.34879176,22.77685006,21.9903816,26.36179216,20.74248809,23.55739728
20249,,13.45550419,23.72574219,24.43753606,27.08436087,22.85420716,24.8651476
20251,,19.39964088,21.11630212,22.16285511,22.30446491,20.64082994,23.2320871
20252,,22.17976896,19.58598665,33.60688447,28.46106213,32.97999353,29.63076755
20253,,19.80285596,21.46065075,17.01471401,21.57321845,19.33826174,21.28854995
20254,,22.77208565,22.57237217,22.29282082,23.99031379,22.21665177,21.28892625
20255,,20.7408852,15.42738754,34.81719563,38.16242416,40.76833684,42.63123815
20256,,20.09961894,18.66094038,15.55468004,14.50586478,14.56455525,10.87535926
20259,,16.85247744,21.9173088,17.02397492,21.78658747,19.81454564,22.06147001
20263,,22.48821251,21.93608998,23.13369371,21.95087448,20.88019882,22.55244414
20264,,22.24305649,18.38575546,33.35747745,29.38077436,38.08052254,36.75363589
20265,,2.644212193,15.58257226,16.89465051,34.88505722,23.20429173,28.16483968
20267,,22.42991433,21.53115076,4.868428609,19.7180875,5.703886835,11.30189438
20268,,20.83585361,18.53561918,26.2503757,35.26285957,34.44686237,38.63365536
20269,,18.4352037,16.96936434,110.1987534,71.97217997,109.6853414,46.23852015
20270,,21.48403686,21.04533139,35.8748673,47.38735936,43.39338226,35.72875716
20271,,15.91236121,20.92459317,18.74705549,24.14647723,19.73110136,22.12575228
20272,,19.16712119,17.16968152,16.00291165,25.17069426,19.49829694,22.62662061
20273,,18.86419324,18.34755563,19.40366503,23.08555733,23.12882072,24.14222593
20275,,19.43090472,20.25310657,22.27426825,22.31542833,23.05629405,23.49315207
20276,,19.92039105,19.82183539,19.76793024,14.18105016,17.604035,10.56029098
20277,,19.42301105,18.90699512,19.48200552,21.8768182,19.08310691,21.71041453
20278,,11.95651292,23.64279498,20.19154595,22.31214377,22.46554147,22.8770985
20280,,16.47096957,16.6427703,12.59179186,26.24881571,13.70299532,14.2824598
20281,,16.21858626,16.57254529,17.96552293,23.75886352,18.51877656,23.04416652
20282,,19.53259516,18.91901948,19.81626596,19.09588945,21.16471565,21.81041798
20283,,16.03840148,15.82976499,17.99441737,20.38446453,19.72022403,22.60966181
20284,,19.20644166,17.10033748,21.5890669,23.09805246,25.74045586,25.09512305
20285,,15.55031236,15.90684904,18.1968828,14.91453139,15.21049052,14.13288735
20288,,15.46810716,16.62185761,18.66030331,19.04912177,18.08270976,20.32806943
20289,,20.16516204,16.16407595,58.77894992,49.88659945,71.10691097,44.47412491
20290,,20.44518519,17.50611364,16.38160477,23.75753155,20.56662802,18.22657342
20291,,18.10849127,16.7821128,76.49586432,62.2332483,76.02774784,47.3924213
20292,,16.92941156,15.07591464,19.48932019,27.73574739,19.99620653,20.75214627
20295,,18.86980616,16.14703147,20.27632441,23.45647184,21.38161086,22.92065203
20296,,17.0163064,19.03504197,21.00430191,17.4176136,19.06598426,18.67589488
20299,,21.78132414,16.5530473,3.289455111,14.64746371,4.565175916,17.97196894
20300,,17.64972716,18.11607038,32.12366475,34.06919741,36.07797804,26.7681852
20301,,17.06449398,15.19047883,19.95111797,23.36874836,21.44755445,22.46463872
20302,,1.738634335,14.81664803,17.95842164,18.6545582,16.92882193,18.54912941
20303,,18.58109153,17.90682685,17.26092796,16.10179387,19.36265145,18.8206644
20304,,14.51289123,12.56521113,21.21637795,21.36097204,21.03679913,21.78918332
20305,,2.477032288,13.51217403,14.79793213,24.22178937,18.95849201,15.7788912
20307,,18.66151323,16.38153493,18.37928227,17.61122201,17.19394637,17.76382896
20309,,16.18507382,16.41950212,16.82457522,19.01506179,16.28643226,17.67779748
20310,,16.54011308,16.97898596,19.8353855,18.26840729,19.37148538,21.38921594
20311,,18.57354868,19.03355295,18.83470103,21.15076021,19.00393804,20.59727704
20313,,17.97645858,22.07774256,18.32036721,19.0628399,15.94669968,16.63361828
20314,,16.1089523,17.21728215,12.13580118,22.39157221,13.71770043,23.6299052
20315,,15.78552581,15.96524242,15.77354692,15.38954701,17.61025811,18.99050064
20316,,23.07996743,24.9972526,14.11069991,15.4986168,16.89148503,17.75043097
20317,,16.55277083,15.27077085,17.81319283,20.13622161,18.99808472,20.00023573
20320,,16.1367751,15.74034701,15.3453918,15.46275247,17.79344142,16.29370857
20321,,21.67715224,20.4085436,17.56560813,16.90942571,17.83155449,17.3218197
20322,,17.03963755,10.21108126,14.93312899,15.89495619,18.45132954,10.54730315
20324,,14.22784307,14.29565115,50.07815943,49.35643615,54.73351412,40.6247589
20325,,11.36273334,8.76499491,14.45387037,15.69663813,14.76871926,16.14860365
20326,,16.92348385,15.94741055,19.59845107,14.85040697,17.73783476,17.92117502
20327,,12.42354075,13.83597776,18.72610395,17.01762749,18.194632,18.96505301
20328,,17.97948466,12.04450389,17.71972287,17.11194383,18.18862767,17.76258068
20329,,13.96464395,12.78785509,16.04453741,16.95507324,15.31149224,15.85009202
20330,,14.8014922,15.71016231,17.25658946,16.66954888,17.97874972,17.07482187
20332,,13.57871014,14.47232079,16.1090203,19.91408775,17.04550551,19.11381548
20335,,14.24871679,14.11035986,19.41019116,32.54220478,18.7005259,20.92993832
20336,,15.03101585,14.17076974,17.92980406,20.14004248,16.22382612,16.14239661
20338,,15.36398035,13.41515023,20.85408187,14.39817316,20.91455647,18.13944047
20341,,10.27292012,11.56628174,16.36928415,19.62161103,16.77970243,18.02336372
20342,,15.09592007,16.22662804,15.77275156,15.99284714,18.83807158,15.44134989
20346,,13.45913113,12.09280191,2.388277473,13.38567034,2.504069907,6.635244332
20349,,13.06701348,13.55909901,17.01401527,17.83573117,18.09355618,19.55276692
20350,,1.716198133,12.33056579,12.13522309,10.22141694,10.80633608,10.00900942
20352,,16.19723444,16.56362252,2.554543323,13.03373766,3.027054245,11.73779794
20353,,14.24642344,12.20334977,20.30609228,32.10017083,22.257506,26.40860704
20354,,14.1474149,14.18358559,16.72466497,16.82877963,16.24731076,15.74466617
20356,,13.21502085,14.62670788,15.33918338,17.03284778,15.22893756,15.55339866
20357,,12.1732062,14.23653081,14.78023747,18.2618292,16.00982066,17.5371867
20358,,11.95845079,11.64837064,18.17315125,17.80628108,17.52174308,19.33750268
20359,,12.53650487,13.67174747,16.37575678,24.01192586,21.18944244,23.90332719
20361,,15.66025946,16.43527755,15.17865878,18.44982034,16.21095025,18.50075433
20362,,12.21068321,7.339012273,14.56149269,17.51254534,15.05919528,16.17044402
20365,,12.55448403,13.3594134,17.23491648,24.71436804,24.28351641,26.65228092
20366,,12.63119136,13.01770124,15.68716052,15.55190856,14.56178715,15.6085855
20367,,12.1529142,12.54676622,14.89735159,17.10107641,17.01347537,15.04261347
20372,,11.50191511,9.346859897,14.84817995,16.07981224,15.6521386,16.75423826
20375,,12.01380638,9.738811311,16.17112334,23.4914614,19.41774776,23.31654141
20379,,11.95889013,9.036719535,15.60642639,9.307907349,11.36745743,8.6663949
20380,,14.05103395,14.06358789,19.03547593,30.8160857,24.11060251,24.30369279
20381,,14.02607339,15.40856298,13.73115322,15.58142844,15.14865389,16.56298439
20382,,12.43482717,10.24277861,9.175818163,8.82804296,7.951524673,7.181795079
20383,,11.0526995,9.503069024,15.73568219,16.48675668,15.05668971,16.19830928
20384,,14.63615224,11.7047535,11.45122251,13.83306224,13.92045163,15.29178413
20385,,11.45087604,9.783893179,17.82807587,10.60176386,18.20314348,12.98635734
20386,,12.5386898,12.63264175,12.70582265,13.44404942,12.16141079,12.83953858
20388,,11.09743277,10.52729864,13.74202782,16.20620648,13.72872129,15.75201585
20396,,11.10175703,9.050865274,12.04531941,13.36373681,13.91120438,15.84066786
20398,,1.356600998,9.5655476,17.94185247,17.36397213,16.55242004,6.38473268
20400,,10.75807914,11.13652904,12.68726804,15.30841198,13.23486088,14.91842224
20401,,10.5097508,10.97578098,13.73081655,14.6048617,12.78534171,13.09533333
20404,,9.882632441,9.416553146,18.48074727,17.58072799,17.81393305,16.57530053
20406,,11.36101889,13.08248608,13.72536075,13.74876601,14.12964573,12.95489892
20407,,10.30994765,9.511812822,16.80817293,19.52236438,17.32365726,14.40555167
20409,,7.382346367,6.054751457,9.513813569,11.8566386,9.379278822,11.23892745
20410,,10.51970727,9.478111079,12.91681061,17.79374472,13.48242508,16.58624375
20411,,9.932304358,10.2694696,14.75264801,15.71466048,14.713053,13.41848149
20416,,0.90319306,6.1565526,19.81905693,20.70735265,19.62155146,15.6367565
20418,,0.750870464,5.023488216,12.94880387,11.82887874,11.19594718,12.1232321
20419,,9.604710253,10.9258299,18.28947019,20.07109218,17.9706286,15.61144728
20421,,10.87876626,11.66443245,12.26965612,15.46313784,13.11348525,15.25921195
20422,,0.438538685,6.731649145,1.589128748,11.13914296,2.271190207,4.723318084
20424,,9.385539386,9.096572911,20.82051426,21.24535081,19.4877208,18.64141137
20426,,8.692304772,6.522950547,13.82426461,17.54258523,16.51611874,17.76629023
20428,,1.384574716,5.357858253,12.06884037,12.97374995,9.358207154,10.23417955
20429,,0.391935904,6.13099195,13.20105813,14.60991694,13.5733161,14.75465423
20432,,9.332329021,9.400410485,34.86774079,32.47951892,37.51742542,28.53910479
20433,,12.12131481,11.9056181,12.55176039,15.29088627,13.63807066,14.81981366
20434,,9.010477205,10.08468636,10.58823467,16.37593295,12.33439441,15.08036301
20438,,10.8952987,12.16876786,10.63872086,10.0910116,10.44871866,10.02026264
20443,,8.488978955,8.307257103,11.50947595,15.08343761,12.51559558,14.99593225
20449,,-0.037765276,5.92357024,13.27738043,17.88368102,16.21758254,17.87761594
20450,,9.86726831,10.55779158,9.264868173,7.936527508,7.518236898,7.334350633
20456,,8.090493177,8.139175424,24.23767315,30.72316666,23.30282988,24.39729498
20463,,7.585729982,9.24478418,11.50316198,14.30206604,10.71631083,12.91912781
20464,,8.548903042,6.554153364,12.13977859,12.79931307,12.41058715,13.04889656
20465,,8.624658457,7.769154029,11.56509443,13.000484,11.55761946,11.88381147
20466,,8.022116539,8.650860696,18.34298568,18.71083883,17.2907851,15.79870688
20469,,10.79182333,9.464090557,10.83057798,9.223186261,9.638598606,8.699108913
20470,,8.762607437,8.301058564,11.99518557,9.822220082,10.78476409,7.711694205
20473,,7.441199003,7.479459576,12.34782634,13.20020959,12.27712232,11.91049982
20474,,9.551030111,8.876298491,15.66841158,16.12646118,17.07000061,12.19449935
20480,,7.440546352,6.581649631,12.89523266,8.277338228,10.08955466,7.858133304
20482,,8.379027607,7.829922565,11.86386502,14.91254439,13.73694523,14.96724595
20483,,7.922279067,8.399952569,12.21498086,16.20149823,13.92523028,16.53403346
20484,,7.376720141,5.404122768,11.70218873,10.4457791,8.342949541,10.38492444
20490,,0.408426749,3.42421431,10.59155259,9.397901817,11.54942725,9.308791981
20497,,7.023197115,6.523241978,13.57593947,10.59617259,13.25452954,12.34085095
20500,,8.393768977,8.308320193,10.54348153,10.13220271,9.556938831,9.428488838
20502,,7.397422691,7.04041319,11.6578926,13.1118623,12.28185676,13.68018034
20505,,7.702054352,6.706949749,16.37013714,17.08933837,16.50567324,12.17915666
20509,,-0.037352307,3.75087051,11.12044447,9.445221174,11.91648235,11.89033755
20517,,5.357566487,5.072842108,23.78319935,33.7036576,26.42187211,29.38640822
20520,,7.466836295,7.295228283,10.20925951,12.19602988,10.85314494,10.41980919
20524,,7.104972375,6.790303066,12.24244716,20.87091833,12.9848863,14.8996105
20530,,7.281713832,5.797953035,11.08515523,8.926326652,9.697056495,9.556780686
20532,,6.152836078,6.060888599,0.903420244,9.158455614,1.268370296,3.791849364
20536,,6.770330764,6.735895615,10.55529436,10.76889286,10.68436603,11.03746206
20538,,6.538689354,6.770776291,10.07001984,11.12792496,9.027087137,11.10718425
20539,,6.320364534,6.154353297,13.96992979,15.02865446,12.82910113,12.46425708
20549,,5.794296706,6.03394223,14.24027971,16.66653489,14.01470736,12.52883242
20551,,5.859059596,5.382819033,9.421983807,10.0416392,8.39539752,9.736817259
20555,,4.131864493,6.049673073,10.40779221,14.13254675,11.32543689,13.35546849
20560,,5.20796628,5.294928553,9.62148427,9.427393397,9.886582813,9.273271726
20561,,-0.033686914,2.484014382,19.2889606,17.23304295,18.29519342,11.90122868
20563,,6.578477964,5.5681957,6.572680586,6.05936898,6.600506876,5.221595259
20565,,5.184196466,6.31569575,9.65019175,9.899039789,9.800993945,9.996153097
20568,,4.351812999,4.033269295,9.093289643,11.27811313,8.21621043,9.00008158
20570,,5.243704149,6.338260185,29.5757722,30.58593644,33.06737411,26.57732129
20572,,4.669409716,4.406065818,6.76417616,9.295113615,6.862104204,6.67961365
20579,,5.489651147,4.734479103,0.781345914,5.518614878,1.600752546,2.950622055
20583,,5.165119785,5.020408267,10.29208349,12.15613556,11.0348326,9.943223933
20585,,5.773948079,6.026571449,0.43429397,4.274058579,1.254609778,4.061804648
20586,,0.08418356,4.38589879,9.235779776,11.455909,9.577052813,11.33909006
20596,,4.452002819,4.26441079,8.997827195,13.31606315,11.68542154,12.53996325
20597,,-0.010223855,2.724859403,0.570057369,6.569588988,1.489495379,6.475833353
20599,,5.065865907,5.192941546,8.278236236,8.588554028,8.55939012,8.207669595
20600,,5.130676445,4.636035498,5.956400577,5.934482115,6.544968936,4.973941301
20601,,0.271269076,4.350575248,1.457985983,5.080704726,1.867152863,5.267331501
20602,,4.233969769,3.887037018,0.54365278,5.431304296,1.207928647,5.467483235
20605,,4.705422398,5.095555966,8.767494247,9.720961254,8.159557777,8.276427816
20606,,4.446371664,4.754428093,10.34104238,12.92186215,11.34833519,12.65589162
20609,,4.85226132,3.896871846,8.887064241,9.095156184,9.469095964,10.09670846
20612,,4.880731332,5.09641183,9.405866207,13.30897375,10.06752576,12.90620275
20614,,3.528555604,3.527158449,26.43596502,26.94647477,24.67456017,21.7767737
20617,,3.637725819,3.311613846,27.50129188,27.73985558,24.68758415,22.97610756
20622,,4.653794942,4.976319104,7.865687917,8.455911587,7.286219598,8.169468828
20628,,3.896291944,3.759867831,8.755786247,9.776526597,8.319145954,7.925881981
20629,,3.482491429,3.213376013,-0.055526561,5.608329961,1.123514717,5.781271514
20632,,3.74226307,3.467012465,9.239381959,10.78253071,10.10462752,10.76524059
20636,,0.204913701,3.05851177,10.72635099,13.6877043,11.25134386,11.28109404
20637,,4.45369887,4.579278271,7.897222572,8.617366457,6.522236462,7.802605488
20639,,4.150566793,4.57781617,24.34430856,24.28392233,24.27807775,22.82947724
20640,,3.997689978,3.908925112,17.82626276,17.06424412,16.99128967,15.3862293
20641,,3.742218708,3.632562494,13.20531736,18.68306597,16.01235728,13.08827455
20642,,4.5253701,4.064414298,7.214514468,11.10994155,8.566465459,11.14365203
20644,,2.9896469,2.666554134,7.498696108,7.447609491,8.320509644,6.946242731
20647,,2.845736593,5.319448673,8.088025172,8.074908222,7.714618834,7.378127018
20651,,3.400024131,3.201731647,7.490104642,8.749628373,7.147013024,8.989948151
20652,,4.039231103,4.017941713,8.729719574,10.2147243,10.0408596,10.13300665
20653,,3.291454997,4.321258978,8.88010636,8.194337014,8.142837036,8.522615157
20654,,4.16821867,4.704443711,6.83725837,6.923989174,7.138890793,7.575512826
20655,,3.723186063,3.4002855,8.081765017,9.314306092,8.747599979,9.95210446
20658,,3.700514052,3.881358703,23.32697361,24.0417236,22.14144322,21.07920071
20660,,3.104070863,3.078651117,14.80141333,14.24050577,13.07177068,8.945654675
20661,,3.872821802,4.2030397,4.578514411,7.963213956,4.608146967,5.00384408
20663,,-0.111822882,1.707960973,9.828898326,11.89962377,9.692393967,10.75114036
20664,,2.79489896,2.897579522,7.067166263,6.411428428,6.825748292,6.573120784
20666,,4.883583996,3.046610934,8.061377938,9.48116716,8.024898767,8.321244509
20670,,-0.431319555,2.092887154,8.761817867,8.18495729,8.620225699,8.383501277
20672,,4.260847211,4.088694076,7.382038785,8.660269321,8.291723804,8.851144723
20676,,2.465491139,2.077245595,6.026038646,6.065061049,5.325757968,5.701090998
20677,,2.876320287,2.863736266,10.99040324,11.69310557,11.078123,10.20946675
20678,,0.39053121,1.871407631,0.369182646,3.108061006,0.841530812,3.478697855
20680,,3.445614635,4.381454534,15.20856301,15.12598956,17.84781535,11.57196734
20684,,3.082258413,2.291715387,16.04173344,16.92579884,15.67731732,14.83175828
20685,,-0.210321974,2.953692802,7.782075346,8.885285959,5.726317563,5.571016724
20693,,3.251626728,3.822183088,6.060990694,6.470186845,7.361652365,7.851381207
20696,,3.675933565,3.566188111,7.492165063,8.765248981,7.852094774,8.561362096
20697,,3.140110674,2.905884422,6.683799795,7.263126445,7.200218613,7.536092146
20699,,1.97938307,3.558319233,14.6501816,12.68776939,12.96581807,9.180958531
20701,,3.198489528,3.80847493,7.039452401,6.926014646,7.026128926,6.071570208
20702,,2.242039103,2.179787432,3.977648614,6.80780519,4.207744044,4.411453786
20705,,3.414850228,2.833257206,0.347984337,3.890515373,1.087443668,3.025119166
20706,,3.620575695,3.82420359,17.01519807,15.12411919,18.69156652,11.73756174
20708,,2.767842412,3.234383512,6.05813339,9.579832138,7.181598991,7.737841145
20713,,2.753257858,2.408139026,6.531446823,6.963266152,6.878009065,7.44687318
20714,,3.241790863,3.606195674,4.805711359,4.42380087,5.250458032,5.475061853
20715,,2.518273616,2.219606163,6.466559686,6.732030952,7.16658363,7.48132141
20721,,2.460183769,2.268107812,21.02904552,18.6693285,19.4925332,15.85815537
20729,,-0.301334867,1.446999021,12.84941109,12.27831847,12.13365862,10.92236879
20730,,2.316847781,2.334424623,14.24780297,16.16706213,13.64617923,11.98236479
20733,,3.359999405,2.736951827,7.038946495,6.405507071,7.263109303,7.406384747
20735,,2.9749292,2.503270039,18.30527382,18.38416899,17.490191,16.92810549
20737,,3.346950948,2.263049818,17.89583315,19.46568623,17.08740383,17.00571165
20739,,3.048716691,3.208151194,13.04073633,14.70005349,13.51509879,12.50667498
20742,,2.073702348,2.552212851,5.756850799,5.408394784,6.61626341,4.760787438
20744,,2.385350937,2.925303152,17.16874075,17.05447127,18.06354878,15.85003185
20745,,2.442066436,2.250152135,5.893442712,6.199557817,5.255611063,6.401704887
20749,,2.745159123,2.831937504,6.164783032,7.36499951,6.09452161,6.744722308
20751,,1.831336532,2.534878196,17.91388272,16.2782076,16.84657309,14.79533819
20756,,2.399567924,2.578063759,5.871394983,7.322961431,6.211826111,7.05719764
20759,,2.036220324,2.011344445,5.561585009,6.832406075,5.362355531,5.989757022
20761,,2.561566128,2.665218336,14.45921855,13.05803087,14.01400373,10.65928863
20765,,0.222297024,1.849206647,9.943378774,10.93971177,9.954784955,9.408202927
20768,,2.147660141,1.952594134,7.423878278,9.548754992,7.484458136,7.339037856
20773,,0.130360027,1.455231797,7.792633691,8.373013953,6.906983866,6.385924997
20781,,1.468979546,1.768524649,14.62270205,14.3380003,13.96438063,12.74635324
20786,,1.784637091,1.412527532,21.43067462,18.48424073,23.73610175,16.17105993
20788,,1.423858023,1.54615289,5.262211674,7.318640096,6.086618381,6.4008285
20789,,1.76104739,1.784505416,4.983417988,5.933260595,4.720681272,5.15280161
20793,,1.919434502,2.444627796,4.861291533,4.200238245,4.605931626,2.456803958
20800,,1.421581927,1.255718969,14.02841452,13.62962177,12.73765763,9.346412266
20801,,1.814267182,1.935020623,3.776136791,6.709500338,3.244611474,4.252144284
20802,,1.507988497,1.37710211,16.70944982,16.88181909,16.63081477,12.23133255
20803,,1.340735071,1.413615382,13.4638932,15.28577534,12.88055429,12.16348053
20807,,2.155993125,2.114660952,5.172213865,5.287654251,4.776590825,5.29144596
20810,,1.918920383,2.040256476,0.065362,2.227553279,0.593722515,2.220429112
20812,,1.501799973,1.461186702,5.148585139,5.941152503,5.094072375,5.228244544
20820,,1.995960798,2.089740155,4.793271988,6.547137547,6.063371739,6.377244216
20823,,1.889424689,2.035307799,7.298928183,9.866541754,8.232836014,7.287129121
20824,,1.428470321,1.143068647,3.891815687,3.773206962,4.186177382,3.991086687
20826,,1.361383161,1.595625811,9.293947349,10.94846087,9.528140212,9.639734722
20828,,1.603061652,1.598704608,5.096771356,7.005833357,5.623409589,6.302922665
20830,,1.515984681,1.265937142,7.650598703,9.641106197,7.534629894,7.208333203
20831,,1.683569022,2.061642323,4.455236295,4.352496137,4.141530547,4.230162845
20838,,1.776623988,1.975776828,3.740090601,4.046408986,4.569552076,3.532291913
20840,,1.800034636,1.850306836,17.4072859,14.983772,17.95156359,13.73913677
20843,,1.544701909,1.610333038,2.981126364,8.585165838,3.953883388,5.721462933
20846,,1.165313223,1.192285999,16.21179429,13.98484512,15.60708194,12.59464967
20847,,1.287711646,1.785824081,4.859682135,5.022747475,5.019205942,4.977076223
20849,,1.839621159,2.045042797,5.430235346,4.927983883,5.010553385,4.658472615
20852,,1.285884893,1.00525428,14.88391332,15.44424087,15.83754449,14.83752184
20862,,1.694468101,1.670013016,4.711140162,5.123212434,4.875489574,4.899461164
20863,,1.381696102,1.540552935,4.860912935,6.565198607,5.133960995,5.758513363
20864,,1.494987026,1.323005622,0.187963066,3.692753558,0.841453812,4.0340329
20865,,1.347623524,1.384063175,3.615272942,3.381579848,4.209215495,2.436469674
20870,,1.349471848,1.341982481,5.879241812,7.967473621,6.213716591,6.072808613
20879,,1.463162074,1.67230277,15.82860743,16.54983558,14.54795885,14.02943417
20882,,1.236516097,1.299649203,12.65092381,13.07193003,12.92518427,13.05311752
20883,,1.373460114,1.129609019,4.902485799,4.163680456,4.177185753,3.878107212
20885,,1.190337462,1.260122245,0.044868776,2.480378488,0.556261661,1.7632723
20892,,1.218114491,1.313823852,4.486804416,5.398853856,4.414973664,4.873933041
20894,,1.370703411,1.647515398,4.899200677,4.725695714,5.05619,3.632902294
20901,,1.174591139,0.923393583,0.260683517,4.113072151,0.83997028,3.485309527
20906,,1.148718501,0.894202563,3.762029084,3.941709583,3.624131281,3.560899748
20913,,1.488233812,1.216874606,15.76404843,13.14717555,16.13279328,12.20160095
20919,,0.967941867,0.910028508,3.547536004,8.527581159,3.971392034,5.610491049
20922,,0.795379146,0.841854008,4.334082536,5.153407192,4.057874454,5.097909847
20925,,0.742393122,0.911285089,4.558476766,5.04653901,4.739337541,5.012089202
20931,,1.083333464,1.151463426,5.127979432,3.874638078,4.740489748,2.817438237
20936,,0.876741653,0.768288151,11.25443544,10.65634463,10.27979026,9.710365287
20937,,0.807371103,0.890870498,4.184591116,5.496403293,4.399720141,5.014068435
20941,,0.697973135,0.844193641,3.348815913,3.722782958,3.64190759,3.205028529
20947,,0.798055093,0.814237868,13.76068577,13.47937063,14.59330165,12.93213114
20948,,0.725250237,0.808815942,3.243899511,3.815051147,3.305641493,2.669430817
20949,,1.077510432,1.083825457,13.5486466,12.66053204,12.78118041,8.065954651
20956,,0.882102191,0.713554036,14.42086488,9.574152824,14.37223996,8.179955279
20957,,0.870779196,0.958933288,4.472477168,5.381043546,4.752195447,5.078536958
20961,,0.920614785,0.869204748,14.39776353,12.95398336,14.38834319,11.56912515
20965,,0.857929126,0.754333954,4.592761646,6.369496837,4.715275081,5.207086096
20970,,0.612385165,0.735791689,8.598162776,9.414386774,8.690513885,7.997370536
20976,,0.598937605,0.678298506,3.875338845,3.992751843,4.164266394,4.538838721
20982,,0.636517078,0.529166554,3.323835002,3.213199127,3.003461667,3.029673766
20985,,0.811959502,0.765442666,3.52949934,3.244463968,3.296622386,3.114719027
20986,,0.829754339,0.808329792,13.59556222,11.88531498,13.52244779,10.87872029
20991,,0.224796184,0.377427903,0.056388808,2.639788057,0.655969039,1.941664839
20994,,0.445091048,0.41969401,4.324429576,4.585959141,4.123333424,4.837357595
21008,,0.606752146,0.691372778,5.200965753,6.570519673,5.423099944,5.782008397
21014,,0.677521896,0.884174676,3.833874399,4.948394935,3.945936989,4.629442814
21016,,0.487424478,0.575430557,3.595390746,4.212506799,4.001354436,3.599485671
21024,,0.509568598,0.598353264,3.154722389,3.793216423,3.64031862,3.166880852
21028,,0.511929147,0.481883933,4.38529067,4.11164629,4.324318766,3.989625473
21032,,0.440774385,0.477136471,2.400492022,2.592225886,2.114741294,2.17169548
21038,,0.490944489,0.531963276,5.698346542,5.543887279,5.038750542,4.918216616
21048,,0.337924863,0.411206835,2.762447928,6.007096415,2.95435613,3.210148374
21049,,0.384563593,0.351012721,15.27026255,20.01155791,11.6297697,18.48316312
21055,,0.315257342,0.350314746,3.301519289,2.955949736,3.439422247,3.283004611
21057,,0.477561021,0.512956551,4.13138747,3.603762232,4.411560404,4.379745285
21077,,0.219205954,0.28882804,3.18118364,4.422193792,3.94889483,4.629634057
21080,,0.392295903,0.397365106,4.125843905,4.979205319,3.803574217,4.556631649
21088,,0.258213264,0.36720528,3.395674379,3.510735776,3.094395495,3.119842891
21131,,0.182949309,0.238133553,1.804511912,4.717343013,2.351112318,3.055856427
21170,,0.187743226,0.121349728,3.291813193,4.263456429,3.611886706,4.159669851
21182,,0.049863157,0.093754133,12.22275284,11.37893564,12.69293778,9.802467917
21190,,0.12230494,0.146252815,2.725282656,3.199518419,3.285811587,2.653794728
21192,,0.091483032,0.054843365,3.525619378,4.461179841,3.711720445,4.141170519
21200,,0.096351644,0.096928919,10.27497126,11.12724741,10.68184217,10.57288317
21202,,0.062528501,0.067868087,-0.072850495,1.72494227,0.479379413,1.588933079
21218,,0.042598498,0.048916097,2.687164371,3.086460277,2.993118212,2.890014337
21222,,0.058418402,0.04883817,3.618044957,2.623766866,3.8903503,2.786823805
20514,,6.931977544,6.658467507,3.702778938,6.677318717,5.56092984,5.042344225
20578,,5.252161634,4.552362438,-0.626211848,2.288182367,0.815354412,2.126275969
20878,,1.575272683,1.469125815,3.890215573,3.961271268,3.811844975,4.052217282
21224,,0.061988046,0.100475635,13.69848195,9.547542662,13.64773905,9.03742339
20588,,4.427340611,4.01068673,10.28062436,12.68540979,9.061462092,10.69703468
20724,,3.155901391,2.216945936,1.850219385,1.923768947,1.617468833,1.823233061
20743,,2.489778943,1.855929823,2.382550879,2.827142739,2.38482457,2.616732221
20771,,2.081589346,1.585558064,0.365654869,1.743237367,0.707410676,1.719046133
20945,,1.330895961,1.304744673,5.991266941,8.687749326,5.961402324,7.746205541
20951,,1.280620516,1.05621448,3.333457383,5.15295542,3.323029724,4.496731316
20319,,15.99404753,16.11313582,11.3160011,10.80524768,12.56041878,9.772426818
20390,,11.40708452,11.56185721,7.762734802,6.863436125,7.825565016,6.07693362
20415,,8.645831337,7.888840879,3.480374134,2.495196422,2.523646751,1.927808187
20447,,9.445743174,8.560420893,0.053611031,2.812509015,0.632593012,2.897672509
20478,,6.605537046,7.128183601,15.86989465,10.99797871,17.07515442,10.86063753
20508,,5.715011889,5.999248706,9.646710407,9.880997852,9.679777574,7.09725501
20667,,4.7553775,5.501912804,14.74373438,16.01147371,11.78375923,12.19984552
20298,,18.96958453,16.29393789,2.656249857,4.289796752,3.18334658,3.645338594
20343,,15.59783798,13.14839599,8.606419952,7.677390334,10.17591857,7.98687514
20377,,13.10324473,11.92125163,2.947875846,4.187231253,2.891694031,3.641631726
20417,,11.84271657,10.2936121,3.025665264,2.924910111,2.711029978,2.793940371
20750,,2.726429241,2.789408338,1.832289352,4.106718461,1.501254742,3.359516691
20832,,2.6620487,1.892879322,3.808828023,3.731600044,3.447016074,3.158304751
20855,,1.963937444,1.781662519,2.973606254,3.916789949,3.022662604,3.715529685
20877,,1.555202277,1.22794426,2.127146028,2.108990098,2.194270693,2.20856094
20914,,1.493664154,1.240087955,16.11662475,10.60581296,17.16815199,10.65126377
20996,,0.905588582,0.842116721,2.536125519,2.637435668,2.837914963,2.919185329
21003,,0.683432439,0.677513815,3.100811605,4.451392598,3.377741283,3.68037765
21027,,0.940982955,1.246725167,2.834814531,3.567338612,2.750790516,3.158780487
20049,,225.9322443,176.0853239,6.896325844,7.639480485,7.149651888,7.240781444
20453,,11.76125377,10.84417246,11.09701995,8.338407369,11.5382152,7.788003147
20657,,3.032629622,4.173424979,2.87188886,2.444821297,2.907952741,2.333545512
20741,,1.770624221,2.490617277,2.836013457,4.301373497,3.148839947,3.467993731
20777,,3.316920752,2.650559404,2.265957834,2.500646166,2.332262989,2.216299457
20402,,15.82081283,12.3841772,7.56260204,8.616150638,7.822735002,8.167785394
20496,,9.460305876,7.174728906,9.892990442,8.612828695,10.95368498,8.739959993
20542,,8.718529615,7.476007781,1.939263088,2.294519108,2.800358501,1.733328611
20624,,6.304987643,4.970482915,1.693652339,1.977061054,2.372728065,2.099156091
20775,,3.186701639,2.007271407,-0.478297511,1.401762665,0.849782256,0.976431329
20818,,2.251138671,1.705961769,2.090230208,2.545878924,2.44796106,2.30337974
20202,,41.34675372,33.4631232,9.633474709,9.498084939,9.205326527,8.239223721
20334,,15.91239068,14.15099909,2.425166638,2.656808282,3.233653554,2.54213898
20337,,21.01061619,15.56245918,2.489637957,2.689307581,2.511213981,2.273346525
20340,,16.64477892,16.60864737,2.572687247,1.892665813,2.816586187,2.314487011
20544,,8.744976689,7.086575913,2.784113668,3.170933673,2.863663355,3.112929602
20552,,6.608769694,3.782214233,0.554127285,2.503632441,0.618840207,1.120928253
20574,,6.671451325,3.653710464,1.573765846,2.592256637,1.731347394,2.405341732
20589,,7.054269372,6.417821494,2.534938385,2.242525797,2.179360359,1.7256935
20646,,6.706836567,4.758918135,2.346583666,3.2299426,2.251335649,2.93345781
20758,,2.646675053,2.673828723,2.580266062,2.232587759,2.589228464,2.135446649
20809,,2.881083594,2.865016514,7.748309146,6.908759192,7.701227519,6.373152368
21167,,0.225660683,0.154513362,2.532538366,3.136775516,2.595176353,2.873024887
21180,,0.115151052,0.084012551,2.462447464,3.007297032,2.952373106,2.866599343
20112,,79.55490475,82.29383938,1.3759127,2.862320093,1.397289787,2.329187031
20297,,23.71935974,24.4805646,8.597011621,9.563793453,9.048558069,9.050251674
20306,,25.3685492,25.41306823,2.290703247,2.849404848,2.245063859,2.523309651
20323,,23.69406203,23.22924365,5.445430385,4.659759757,5.574197316,3.016860372
20344,,21.22366949,17.56029605,2.17066108,3.315756424,2.353604216,2.802164669
20348,,19.05431413,17.03173777,1.882666926,2.132406165,2.048019252,1.998507248
20387,,18.84032414,13.33089647,2.371221082,2.838174049,2.432034394,2.684793663
20403,,16.72532923,12.90620567,6.91760707,5.956341705,8.088025148,6.207516598
20567,,8.534867053,7.443889377,0.167230501,1.827839162,0.547922059,0.92364704
21118,,0.366640324,0.335011647,2.013892102,1.82288185,1.940115991,1.850841927
21155,,0.363997991,0.291613608,1.961540606,1.899012409,2.175866309,1.325102577
21184,,0.236440483,0.194853559,9.86100896,7.259043552,9.323021707,4.325107842
21194,,0.162514993,0.12463511,0.011511919,1.219637204,0.57895602,1.295642197
21207,,0.163742232,0.139984548,6.361190139,7.869098192,5.245397276,6.929123569
21212,,0.128479326,0.10213617,2.348775899,2.326448093,2.42234514,2.118880054
20164,,58.28824875,62.74708184,3.047570931,3.108455034,2.920983358,2.613151543
20203,,35.95635144,44.99178241,1.388814463,1.782629899,1.906585837,1.649818263
20218,,29.86793216,29.32673336,3.294266525,3.532268124,3.235529774,3.178499603
20479,,10.38920773,10.62746027,6.422968175,6.810443282,7.393316319,4.186745475
21065,,0.550850252,0.595797134,1.453336897,1.535767128,1.507394363,1.619522763
20237,,42.86210494,40.68409314,1.067842676,1.34907842,0.706773335,0.668350512
20395,,14.20093298,17.16527713,1.785031972,1.790660673,1.696371003,1.851295453
20513,,7.257478824,8.445352954,1.765715131,2.748800277,2.170448654,2.769781225
20576,,3.883841787,7.262344482,6.555054709,5.396975235,7.389377537,5.224048337
20604,,4.050243126,7.141424419,1.128377188,1.285888925,1.327052077,1.113592528
21157,,0.153570651,0.192752234,1.869827425,1.891770221,1.968418741,2.183259083
20126,,89.04969923,96.63699015,1.273804474,1.3441181,0.752214725,0.822570936
20135,,93.61567448,82.34579973,1.157578885,1.534112273,1.016631163,1.206280179
20150,,78.11769727,88.3048143,1.919836952,2.070691018,2.10157342,2.208322607
20262,,24.31981945,24.11833127,2.3247025,3.629777862,2.38907341,2.846575014
20351,,23.0868658,18.09046926,1.769363445,2.034359874,1.601647674,1.649617484
20368,,19.99259446,16.36273384,3.157050793,3.515791291,3.156374888,3.080110359
20378,,19.25997334,14.01128699,1.435209573,1.637362837,1.589764395,1.382230722
20481,,8.355025211,8.193856782,7.633666607,6.516273239,8.345662463,6.485388268
20488,,11.5140075,10.21226068,6.511613303,6.226007645,6.704002046,2.598659645
20541,,10.56793227,9.966299426,1.855115223,2.374162359,1.746821181,1.622980852
20571,,8.6573547,9.190765576,1.833618763,2.47027893,1.961686987,2.112885479
20811,,3.469468813,2.965734263,5.989280118,5.892407303,5.171192188,5.348516713
20130,,99.53259595,90.39149165,1.615787427,2.020318862,1.665978922,1.81161513
20143,,98.80950299,80.53639838,1.50962045,1.275667724,1.125040976,0.910935456
20159,,80.10819872,66.89429807,1.376339941,1.715403798,1.090223944,1.538035625
20170,,73.14781659,68.88757651,5.149485519,5.684790893,4.64367569,4.127863124
20266,,37.61892747,29.68802971,1.171659682,1.675953516,1.92858189,1.458487754
20364,,23.98292112,25.93782232,1.372979896,1.326837848,1.006617729,0.950081087
20389,,26.65126318,29.03076763,1.739004545,2.271032966,2.018247395,2.378813717
21034,,0.82097968,0.744301586,2.368414538,2.366394251,2.490339265,1.535221508
21040,,0.879227786,0.66137743,6.188160772,5.390195856,6.31285539,1.942383868
21126,,0.421082522,0.416431754,1.626341475,2.095792094,1.637597619,1.701335417
21164,,0.256314395,0.304349454,1.776696641,1.94531379,1.682809779,1.776552139
21176,,0.253364884,0.316075317,1.178424103,1.603545553,1.695656584,1.683988515
20089,,217.2816541,161.0602512,3.811487274,3.72486232,2.554024199,3.060466815
20459,,18.47407663,14.90630222,1.172085311,1.233609457,1.315607286,1.051722726
20522,,13.10108535,10.5122069,1.299974038,1.846908004,1.486352671,1.863217291
20638,,5.482186671,5.803044133,1.651139681,2.253710416,1.538540483,1.8411236
20503,,15.78210801,9.658663523,1.103262784,0.97629077,1.55464515,0.822596876
20679,,6.413079822,7.702157672,2.883332551,3.091841356,2.866442588,2.797221455
20783,,3.466175607,2.994406587,1.787909101,1.910082888,2.087996183,1.673517923
20853,,2.980349263,2.632255226,2.729553907,2.991298549,2.394588026,2.896911989
21084,,0.796603961,0.496352626,1.635490412,1.710102293,1.734669876,1.866121403
20495,,17.40104688,14.49504127,1.283897197,1.526399731,1.437009146,1.54639879
20523,,16.60818343,13.72219288,1.38177187,1.288543488,1.351151032,1.33828524
20527,,14.99713865,13.22055644,1.36758709,1.503316319,1.277809368,1.387538034
20540,,15.62651503,10.81967064,1.041675836,1.452974076,1.010285766,1.24023568
20553,,14.75929799,11.230582,1.454355019,1.503243849,1.431458087,1.216364657
20559,,14.27297532,13.17043319,1.414801991,1.502671986,1.431090607,1.555418075
20569,,10.3893366,9.58795625,1.322335809,1.528890602,1.63650245,1.657678946
20611,,11.62270152,9.068734453,1.272565079,1.349349522,1.408254467,1.570525596
20682,,8.756450057,6.132588304,1.082106711,1.134266658,1.020922971,0.927789898
20902,,2.816794069,2.219432571,1.214847934,1.260034085,1.297637274,1.417750009
20908,,2.355017858,2.264633353,1.480816661,2.386645928,1.972049079,1.554795771
20967,,1.756842632,1.426421186,1.154456462,1.215170585,1.310483034,1.453691453
20997,,1.617800554,1.190635286,1.221934042,1.77041205,1.362636027,1.64926738
21142,,0.38711256,0.229015508,2.732178845,2.547634612,2.995176695,2.417115349
21191,,0.117942593,0.120705872,1.028819104,0.802199281,0.917745149,0.902348324
21209,,0.084888233,0.096864475,2.68496381,2.595283615,2.39514814,2.171690277
21226,,0.110906607,0.094324646,4.218206566,5.177299563,4.41576458,4.869093727
21233,,0.025705625,0.039124708,0.871032473,0.88597952,0.802827587,0.767245152
21245,,0.028315871,0.020430219,4.06537822,4.350076191,3.871089986,3.80150887
20085,,194.9560556,176.5851892,2.371844945,2.578711218,2.257383547,2.266844823
20408,,22.43465217,15.2124486,4.702390616,5.132259256,4.337456681,5.121706849
20477,,17.0084653,11.12018916,4.219116913,4.143399214,4.522434097,3.705382453
20700,,4.275778011,3.245735243,1.233691191,1.234315757,1.270048001,1.265713297
20709,,7.908724862,6.697949084,1.323954742,1.495419535,1.218351927,1.245239952
20917,,3.17204573,2.151291573,2.583674156,2.632084418,2.359476267,2.346502761
20990,,1.327629356,0.965413688,0.938509808,0.901255724,0.887621638,0.930890994
21001,,0.902174395,0.731648449,3.675088892,3.583948952,3.834250562,3.444438029
21022,,1.302798971,1.059809286,0.593769303,0.857990789,0.665109539,0.68719475
21037,,0.840801428,0.64176626,2.129591587,3.321939884,2.032210872,3.20304947
21056,,1.220078081,0.967165465,0.68193461,0.926347395,0.875829772,1.039598123
21201,,0.290252867,0.239124344,3.417089535,3.442995407,3.598358642,3.422345715
21244,,0.047090324,0.022939098,4.598053178,4.110789971,4.950014301,3.79531767
21246,,0.042941333,0.024178389,0.925573724,1.274036186,1.080214744,1.135157434
21248,,0.039031525,0.018603095,2.577396836,2.658229924,2.673781453,2.55521603
21256,,0.036757696,0.016916572,3.124276758,3.526698218,3.221507886,3.55263873
21259,,0.042019088,0.019370138,0.502901576,0.691644195,0.81754665,0.52353362
21262,,0.040528959,0.021578566,0.865688478,0.879583166,0.919688841,0.998387167
21263,,0.041832824,0.019746487,0.697110406,0.888690394,0.646169806,0.768806639
20460,,15.76855665,14.58162966,1.680460999,2.047856982,1.609828149,1.817103573
20547,,16.17264216,12.98885037,1.018672388,1.44587991,1.298962784,1.472812568
20558,,17.97891437,13.3921876,2.869239719,3.308024532,2.867738962,3.271068855
20580,,17.53823954,13.56107007,0.738299893,0.883897184,0.901994599,0.763219119
20627,,10.15988369,8.20647091,0.708676922,0.811277714,0.75039952,0.703373343
20689,,10.47467167,8.019149285,0.998875622,1.082200423,1.043373383,1.08333589
20817,,7.381805748,4.210269889,0.946457483,1.118816975,1.212919334,1.166245977
20835,,6.83835966,3.557656188,1.801544976,3.185697249,2.001178995,2.633270556
21093,,1.022653041,0.720248265,0.606095208,0.755062708,0.518370969,0.49826569
21105,,0.950537924,0.686754991,0.876604488,0.957565167,0.904673567,1.122364775
20032,,685.5110619,532.0989243,0.953930026,0.880018156,0.86731997,0.892409904
21153,,0.642971875,0.485008075,5.039248616,3.072029572,5.365341823,2.762689737
21159,,0.52223465,0.412561127,0.833159242,0.759280795,0.75452935,0.715622532
21168,,0.529528427,0.393325814,1.348521896,1.488787081,1.31438132,1.379005815
20286,,55.94615716,45.57406622,1.69462061,1.686347926,1.545931065,1.536293754
20442,,28.13448151,25.32675254,3.005510436,2.450434317,2.850240557,2.253284982
20491,,18.66189786,13.97637183,0.59445007,0.757817085,0.5274077,0.698452017
20548,,24.71579895,16.95810801,4.688676267,2.720365559,4.851793114,2.500660727
20620,,14.00420611,11.64398078,0.663617213,0.687317295,0.663085963,0.747513057
20623,,15.67275534,11.85017384,0.63259949,0.493552234,0.776698044,0.455584727
20659,,13.91191391,10.51430517,0.631839828,0.843048813,0.67814877,0.722581915
20757,,5.814703508,4.268874666,0.740732399,0.873094434,0.8512078,0.90040964
21033,,1.430050714,1.321341695,1.742350104,1.946159031,2.107708835,1.14560235
21073,,1.382738926,1.008146821,1.227647677,1.12597214,1.186425151,1.00439282
21252,,0.087290989,0.119420483,0.107741416,0.361099681,0.439353389,0.384750626
21265,,0.053996938,0.045452252,0.459754213,0.383928092,0.464411171,0.401724398
21266,,0.063167487,0.049632203,4.364887189,2.551739362,4.541108464,2.220554815
21267,,0.053659233,0.049396678,0.818326009,0.957752754,0.938666689,0.84224677
21276,,0.010994061,0.024244565,1.447279492,1.326247515,1.426040308,1.005715675
20355,,39.43254665,29.98991643,0.863719042,0.854986193,0.802314227,0.751046629
20414,,32.33647054,28.01088327,0.678668013,0.722087927,0.730134456,0.643575673
20458,,26.72210006,22.37033194,2.67601362,1.628883119,2.643714988,1.411810086
20476,,23.67386051,20.89745011,2.067812536,1.855431587,2.347912336,1.709330284
20510,,16.34964959,11.1670022,0.64054559,0.716769602,0.594968526,0.668659752
20521,,20.26075131,14.66407827,0.66641342,0.915105267,0.675669277,0.851619904
20525,,18.05963722,16.50170501,0.479525392,0.595135651,0.597049562,0.590930145
20526,,18.32935745,16.62855504,1.066337952,1.236940131,1.122564103,1.019972749
20531,,17.95381159,14.98438479,0.499391389,0.59568774,0.61210042,0.591951402
20537,,17.657569,14.80274141,0.659437644,1.427969739,1.149780555,1.525333158
20575,,18.67563117,13.70114964,0.506437721,0.466035821,0.55799015,0.645229738
20577,,17.4285704,12.60722196,0.452832186,0.485350299,0.492698643,0.469857997
20593,,11.35000433,9.747166819,1.58851688,1.47353945,1.392476187,1.301055538
20603,,16.95086828,11.90968372,0.69118516,0.820627949,0.861811824,0.728596201
20633,,14.22057458,10.55968022,1.732725181,1.788114007,1.841579147,1.77421101
20681,,12.83398492,9.339466589,0.793690611,0.778465892,0.747041609,0.697322173
20719,,7.401576968,7.806114957,0.390627646,0.573863421,0.57672079,0.509743585
20746,,8.045103669,6.242092179,1.833613944,1.884743865,1.737896273,1.955406588
20785,,6.623754076,4.977121422,0.639223533,0.730367031,0.930553484,0.706952757
20795,,7.235296278,4.928615054,1.266005042,1.697132676,1.329071865,1.601909791
20822,,5.9743247,5.252522533,1.248919818,1.849435914,1.353539074,1.895527932
20859,,2.549535891,2.745155037,0.331075351,0.419815805,0.307324275,0.333318906
20907,,4.743000349,3.870904441,0.33773651,0.365965767,0.307246645,0.296463369
20920,,3.587951185,3.225312312,0.372316173,0.34014485,0.397766138,0.394302678
20966,,1.263260493,1.36583541,1.045043382,1.043268746,1.055857091,0.868517945
20987,,2.329314451,1.285927555,0.441060464,0.578163283,0.493271061,0.590011423
21086,,1.115497851,0.836249277,1.38911498,1.62752008,1.445224683,1.535385667
21092,,0.970535575,0.969276562,0.530016914,1.203275301,0.891890085,0.593142417
21179,,0.700464461,0.444274022,0.464302181,0.718482502,0.63017545,0.544910228
21196,,0.309851625,0.37515309,1.398996273,1.157134376,1.407829778,0.929110588
20754,,8.556197269,8.813547058,1.522115801,0.991899366,1.577417788,0.885458679
20924,,1.834900543,2.918858778,0.21245086,0.28915722,0.208243713,0.259862238
20928,,4.947962407,3.759462084,2.038828275,1.40548123,2.153901775,1.113129634
20932,,2.154738691,2.346078059,0.416295241,0.417033232,0.439845483,0.469377464
20946,,2.484354073,2.920652042,0.682896562,0.641354354,0.648223781,0.642648975
21042,,0.987038155,1.483353454,1.449408905,1.168932196,1.567962118,0.826991106
21044,,0.985026414,1.631559365,0.650687393,0.876141452,0.727385499,0.868671029
21064,,0.896254792,0.591678221,0.262529457,0.354037833,0.279907766,0.334366043
21074,,1.728575989,0.801695324,0.973460633,1.095029921,1.029596199,1.028327165
21099,,0.553512223,0.39980252,0.604210308,0.857877265,0.803717087,0.705821882
21135,,0.473456143,0.402226238,1.306425813,1.266043627,1.383080896,1.200946687
21163,,0.529597152,0.471584448,0.337303265,0.827220562,0.549729775,0.358918305
21171,,0.434039342,0.4312239,0.874878785,0.87555339,0.885175717,0.582859506
20174,,133.8337159,100.1679295,1.357301087,1.000009279,1.502917173,1.003527955
20592,,14.91593128,14.79349274,1.306944714,1.334308238,1.426967461,1.327947474
20649,,12.75048031,18.2511561,1.072891768,1.280538067,1.130045089,1.19470942
20674,,9.355103244,10.5255902,1.229568684,0.833438149,1.243775144,0.728948041
20691,,12.70125541,13.35510432,1.079105423,1.257520489,1.295009664,1.126630917
20732,,9.065262053,8.373058049,0.381934757,0.393394681,0.353837935,0.302881516
20772,,9.665570189,6.205062072,0.931328389,1.119044505,1.139962996,1.034851556
20774,,5.609770894,6.940716388,0.416900281,0.497595891,0.397340865,0.515101645
20827,,4.481059085,4.644508654,0.799678858,0.816525499,0.811837709,0.735050851
20927,,3.687111561,3.055937937,0.189906014,0.235796757,0.242698221,0.225667342
21007,,2.510851366,1.5891319,0.622706355,0.579594033,0.652494682,0.392277276
21111,,1.115254551,1.110718209,0.856414653,0.768948926,0.967596722,0.756413916
21114,,1.296166946,1.097522004,0.248697177,0.28924042,0.397358265,0.249836092
21119,,1.036749419,0.951789967,1.371600342,0.700169728,1.115513656,0.564865564
21140,,0.887997199,0.663190501,1.50676603,0.754785501,1.459077565,0.599195293
21227,,0.183679314,0.32775412,0.631685039,0.548703001,0.604903171,0.490177681
20236,,116.2707031,64.19780127,1.514917108,0.609378238,1.326528572,0.393171223
20261,,79.43811007,59.0252172,0.332203719,0.363771943,0.350122162,0.318581544
20440,,39.80685465,24.99371518,0.15959352,0.223835401,0.211916509,0.178639156
20615,,14.40632997,12.56953504,0.533035719,0.479910274,0.523831474,0.401040285
20621,,15.55160819,8.160561166,0.632276141,0.622317626,0.663196307,0.467234062
20662,,10.40716991,10.22715891,0.281987744,0.34713988,0.330930841,0.345706961
20673,,15.20458743,8.330594134,0.178208868,0.214744011,0.183702167,0.14481217
20711,,12.61507912,7.008703026,0.527689515,0.455283705,0.504238986,0.382559527
20720,,12.2261804,7.542265681,0.158935665,0.095807951,0.19095736,0.126211837
20845,,5.154737144,3.342317251,0.555190094,0.520432339,0.58125342,0.481430979
20886,,2.63842531,2.068136184,0.264664237,0.355305219,0.287685951,0.318992071
20904,,4.869934546,4.751981274,0.59129051,0.487131878,0.53572982,0.461456569
20910,,4.383731801,4.80381275,0.074591859,0.128563909,0.100291742,0.073110757
20912,,4.59906279,3.695860233,-0.045699738,0.099648473,0.092990575,0.091199854
20933,,3.145760231,3.192230018,0.218542681,0.230303799,0.193793634,0.189087118
20953,,2.880132196,2.905713194,0.109947396,0.150374896,0.151288902,0.183348607
21006,,2.640916137,1.272142406,0.058839307,0.150967785,0.147938577,0.145252154
21035,,1.867018019,1.572207245,0.036990258,0.030188309,0.060148271,0.053185523
21039,,1.900198469,1.663971512,0.156539107,0.146132608,0.140754049,0.105250804
21079,,2.025134902,1.137968269,0.385512759,0.439268328,0.407765667,0.382210285
21109,,1.559837747,0.873461458,0.094788494,0.105472588,0.09688541,0.115374966
21112,,1.248614051,0.723764949,0.232606139,0.277792286,0.253632254,0.221201194
20213,,95.87356436,60.52546338,0.048833176,0.065974816,0.088129166,0.06414229
20257,,78.07431203,48.00365662,0.148861179,0.166396335,0.146651208,0.127007635
20694,,12.06272112,7.301791929,0.03357662,0.125923069,0.126078585,0.116618819
20762,,9.286149244,5.622091153,0.118415286,0.112543171,0.111605714,0.091741579
20815,,8.436323088,6.080580046,0.243072904,0.330874992,0.234232774,0.251025795
20899,,3.262538634,2.242102667,0.012967591,0.037068709,0.060412231,0.048783037
20942,,1.903696578,1.727126882,0.053298659,0.037815318,0.064119318,0.051770107
20968,,3.053875239,2.190202708,0.0638351,0.111292451,0.080733121,0.126514197
21058,,1.62190289,1.487343678,0.0975917,0.11717324,0.139272164,0.103564241
21097,,1.539811038,1.142875429,0.198879679,0.36934719,0.254997138,0.311670788
21110,,1.587869249,1.228888901,-0.022640056,0.054614174,0.030118008,0.060973411
21129,,0.939099744,0.702317807,0.022876107,0.044674519,0.031374116,0.020229612
21144,,1.352774648,0.601146113,-0.031082563,0.038260693,0.043499059,0.027110328
21146,,1.537430126,0.647969379,0.010934795,0.04676963,0.020453753,0.019953581
21154,,1.51243361,0.514291716,0.018178094,0.042079051,0.015503139,0.017567453
20127,,154.4134431,161.1735339,0.163825554,0.142017194,0.129619977,0.090856762
20210,,104.6701633,59.41828911,0.00754629,0.038830049,0.014546071,0.016123204
20686,,17.93230799,10.29930269,0.023901701,0.042206003,0.021132718,0.018774891
20703,,18.16075725,10.10883996,0.026189551,0.042880359,0.019722073,0.019052092
20962,,5.998936125,2.783094343,0.017818995,0.041248362,0.019015305,0.018513846
20975,,5.619062791,2.492549714,0.073128006,0.061409686,0.073943102,0.050427232
20995,,5.232675242,2.314136626,0.081327955,0.065253146,0.083450564,0.05566072
21087,,0.78025897,0.79924938,0.100862985,0.065868718,0.073466707,0.035017395
21214,,0.281483903,0.269566916,0.035434144,0.031724566,0.022750946,0.013406085
