product_id,target,target_predicted,diff
20001,1504.6886,1566.153465529557,-61.464866896744525
20002,1087.3086,1276.5643378339528,-189.25574408395278
20003,891.2564,876.3965242504053,14.859884441000986
20004,637.84827,716.930310340193,-79.08204373863055
20005,592.5357,644.7771113072397,-52.24140574083344
20006,417.2323,491.2995411305163,-74.06724132582877
20007,390.43433,456.94178953059406,-66.50746335871906
20008,195.36855,435.37198815788616,-240.0034426256596
20009,495.03577,561.6287242429883,-66.59295764142576
20010,941.58374,921.2783150118327,20.30542522254234
20011,392.25186,357.83505226870943,34.41680930355619
20012,173.13005,346.1273472735266,-172.9972966143469
20013,318.00952,399.28704226478413,-81.27752078040913
20014,272.02814,415.3757688299908,-143.34763162295957
20015,297.27664,389.5080744121041,-92.231432566401
20016,273.20203,317.7726725338654,-44.570646166677875
20017,216.90773,295.7873307232221,-78.87960062068305
20018,141.6357,287.804457970473,-146.16876155934017
20019,349.2233,377.1257762309974,-27.902479111856792
20020,641.01276,597.468472405999,43.54428394165723
20021,568.29443,575.5471814950619,-7.252747901311864
20022,692.3804,559.4325524510414,132.94781864270863
20023,180.58678,303.6752660698837,-123.08848933648528
20024,270.31912,230.19531159775616,40.123810716696966
20025,241.70328,235.22408314321711,6.47919444467351
20026,235.1042,282.61515936161464,-47.51095709110683
20027,155.22762,225.435746799917,-70.2081314434717
20028,109.926186,202.8793861726,-92.95320056468984
20029,150.6487,198.04139110193404,-47.392694202519976
20030,102.7572,143.3297935584478,-40.57259141001029
20031,139.91577,195.58695264356518,-55.67118115919018
20032,527.79816,724.548630292434,-196.7504735541528
20033,96.76212,193.33829589732485,-96.5761727894147
20035,179.97913,168.32533366715796,11.653792309404537
20037,186.99774,319.90931182090884,-132.9115701216901
20038,157.68477,175.3895859653028,-17.704817288545
20039,128.40395,148.74033497081538,-20.33638904796382
20041,113.11379,153.09233306674412,-39.978540647310524
20042,124.20086,179.35974699819346,-55.15888792836924
20043,93.772224,156.43343480095615,-62.66121037468662
20044,59.617474,166.8449919008599,-107.22751829856497
20045,149.89961,176.33517966625783,-26.435567239500017
20046,149.9563,153.99586845266967,-4.039569624544669
20047,71.42763,170.89077816351372,-99.46315060003715
20049,124.84837,215.8141127939249,-90.96573938083895
20050,117.02742,140.95498178441545,-23.92756174047014
20051,132.46039,160.40701431535868,-27.94662613176493
20052,95.51068,134.94714559929872,-39.43646444695497
20053,146.36584,144.3976507312964,1.9681939952660912
20054,121.2091,142.925675471287,-21.71657665536904
20055,65.857475,115.0274681955647,-49.169992914802975
20056,63.71821,115.48508991657307,-51.76688160358479
20057,141.3268,130.53287756050273,10.793919924848836
20058,117.82985,115.74799811393947,2.0818511292245887
20059,111.51139,135.74390291337946,-24.2325122273443
20061,106.44895,133.79875942958788,-27.34980770839647
20062,90.97637,105.16644478458389,-14.19007301944717
20063,103.52372,132.50361096623482,-28.97989117863716
20065,77.98518,129.59991710182786,-51.61473338600754
20066,119.28134,119.85397831457519,-0.5726367618408119
20067,88.49567,120.93335159479317,-32.437685090886916
20068,92.92737,112.22470758912675,-19.29733942506425
20069,136.56995,128.34215117051616,8.22779511854634
20070,68.44316,106.36567224512923,-37.922511234387045
20071,104.77091,115.98749624225769,-11.216584071847535
20072,32.2686,102.55435610728829,-70.2857556434211
20073,122.470184,109.49522242273063,12.97496190344124
20074,98.07554,103.05096165297029,-4.9754230177163805
20075,105.42961,119.47686519175458,-14.047253985699896
20076,68.45922,100.62525145925453,-32.16603057302406
20077,34.58847,105.46025875903848,-70.8717883000541
20079,27.684961,70.39741116962193,-42.712449850652206
20080,8.84426,94.99671477531149,-86.15245455955221
20081,94.25871,92.59852763899822,1.6601851295564671
20082,78.87082,74.72294625805502,4.147872833741857
20084,94.57862,133.02866576694203,-38.450044856297495
20085,221.56404,209.56060980541187,12.00343133228344
20086,42.413788,76.62659214927186,-34.21280430747498
20087,89.63008,89.62913525787386,0.0009459188839571198
20089,102.33626,236.53270872381006,-134.19645078923975
20090,35.977123,73.06181392096504,-37.08469066046699
20091,92.243454,99.63596292979871,-7.392508950306521
20092,47.45286,67.58781520803862,-20.134953422149948
20093,73.28412,86.95667849057962,-13.67255983823587
20094,59.129543,91.04226527094049,-31.91272196649713
20095,28.528532,91.53465474361526,-63.00612271541702
20096,44.24611,82.35095441799594,-38.104845409206874
20097,55.29078,72.27500844556339,-16.984229331793856
20099,57.82713,65.94436175857858,-8.117232394564908
20100,49.0582,189.60647973872753,-140.5482789025459
20101,72.80091,80.50495376242621,-7.70404281271918
20102,19.177969,67.92462598228889,-48.74665700340705
20103,63.99622,76.73471672352127,-12.738497088511508
20106,74.51262,69.16124797593595,5.351371042618737
20107,86.05666,89.32559522820546,-3.268931715021864
20108,58.33424,78.61439397250437,-20.280154012787577
20109,61.8432,66.46240959658394,-4.619208912990189
20111,93.79907,78.2146418350882,15.584430430536798
20112,107.06263,84.56486573069803,22.497763969009
20114,44.1441,60.903123168734744,-16.75902297952576
20116,118.60205,115.70843736896065,2.893613412289355
20117,36.0325,53.82894352123498,-17.796442300531858
20118,61.15123,68.35744257204549,-7.206212713647048
20119,36.26867,87.79508723539571,-51.526418106977744
20120,72.1124,75.44881220727783,-3.3364159670434503
20121,78.96685,97.26303722544147,-18.296186944679746
20122,64.62255,72.80987713559065,-8.187326171235185
20123,59.14818,67.4960420894643,-8.347863988878359
20124,38.10841,57.891476934763695,-19.783067053171898
20125,47.55933,65.3843025663151,-17.824972579742834
20126,94.95288,91.06170027655754,3.891180582817455
20127,170.32793,282.55786528682654,-112.22993865108435
20129,52.92339,63.33546382489203,-10.412074390077578
20130,83.3077,105.39156595008261,-22.083864839242764
20132,40.04793,68.21764227330505,-28.169710602162468
20133,30.83535,58.96058269523127,-28.125232658610173
20134,49.98357,63.805669401953125,-13.822099303076172
20135,101.031746,91.94905400123446,9.082691909410073
20137,37.55127,55.11757771816727,-17.56630818691727
20138,28.33495,48.43334160919228,-20.09839211578408
20139,53.48889,61.89689624942264,-8.408004647860139
20140,58.149002,61.1431822061907,-2.994180130995389
20142,35.89411,58.056267071667506,-22.162155438366725
20143,29.92779,113.23118168376867,-83.30339199565832
20144,41.30604,52.152456098847516,-10.846414381318219
20145,65.38031,53.612707716212995,11.767602342380755
20146,30.47226,57.44524024822828,-26.972980726743906
20148,57.16338,65.9535230920274,-8.790143422837943
20150,51.35196,80.09167491279364,-28.73971568427801
20151,44.811844,51.43967464092569,-6.627830768855375
20152,23.92667,47.41169170237826,-23.485021627915373
20153,48.78881,49.10126433959571,-0.3124536096152397
20155,61.25175,44.4312355218763,16.82051542416862
20157,55.776237,47.3263280671214,8.449909420671567
20158,55.02588,63.18401606977486,-8.158137163524863
20159,61.783394,82.31283514817943,-20.52944128831615
20160,43.188152,54.784377601626204,-11.596225288393782
20161,34.76394,58.75378890536619,-23.9898500015576
20162,51.43634,40.71161766939561,10.724722662635642
20164,71.3349,63.56923689020304,7.765663012140713
20166,33.48484,45.820960802766315,-12.336120409699909
20167,43.85173,39.361021944162715,4.490708402516972
20168,15.155562,33.850632803415465,-18.695070402597594
20170,64.410805,81.25856593303921,-16.84776118450405
20174,91.117805,114.60213117233789,-23.48432569138086
20175,19.285252,44.4858277958115,-25.200576178379862
20176,23.876122,38.93214757088904,-15.05602604989295
20177,24.51696,36.88581682231066,-12.36885667826769
20179,39.701942,32.06670522188628,7.6352372219613756
20180,36.94342,40.39286029714374,-3.4494398869874914
20181,33.36284,39.23890855691021,-5.876069811793023
20182,20.87961,38.88046512443933,-18.000855062793825
20183,20.47573,26.815715800373315,-6.339984904377221
20184,26.132961,37.23991178888993,-11.106950515696568
20187,19.99026,37.26920591877752,-17.278946748245296
20188,22.88825,35.338835573036434,-12.450585222084285
20189,32.59489,37.2569905554808,-4.6620999609983755
20192,49.97798,62.59381848461614,-12.615836917233331
20193,24.92724,35.697766671833946,-10.770526300129845
20196,35.1806,39.385680052295875,-4.205080839649391
20197,27.90918,31.54427005444514,-3.635090366945139
20198,22.40804,34.82594502820873,-12.41790593519115
20200,20.87857,32.66280180705767,-11.784231250417044
20201,26.16699,30.737663971807454,-4.570673691656086
20202,24.48113,39.14931856020771,-14.668187960232125
20203,55.2097,39.8621622804475,15.347539257638438
20205,29.11143,32.70929191722533,-3.59786270274779
20206,23.43432,32.620690005981224,-9.186369556152123
20207,18.51692,27.195309076760786,-8.678388987039106
20208,20.14227,31.15029569499737,-11.008026560475887
20209,16.06068,27.52185162656328,-11.461171237158982
20210,58.78261,106.31794520408103,-47.5353333571572
20211,16.10922,28.778729349243175,-12.669508844482433
20212,22.49479,29.838192160342885,-7.343403036807729
20213,58.84043,98.2195046571272,-39.3790734437483
20215,23.140089,27.286947918907916,-4.146858883873737
20216,9.20284,28.549420479849854,-19.34658062847046
20218,31.36932,34.13374130240814,-2.7644213866366556
20219,23.10671,24.625084325254406,-1.5183738912944449
20220,19.46485,25.165297520262015,-5.700448048216117
20222,21.00078,25.113344699723694,-4.1125645941328735
20224,21.25578,30.973893371338743,-9.718114104981321
20225,16.66252,24.538766807803203,-7.876247352847148
20226,11.32801,23.348601273448725,-12.02059166804101
20227,38.71265,46.76448967375186,-8.051839374679595
20228,5.03851,17.252925041529487,-12.214415195795844
20230,49.5757,42.850928091936,6.7247707606030644
20231,21.31542,23.53660279689316,-2.2211826461363238
20232,28.282799,40.25802446861651,-11.975225701526668
20233,35.59532,28.64836060008287,6.946961055190567
20234,4.84796,17.60518674604009,-12.757226750770315
20235,32.13552,39.73006360511826,-7.594542670059667
20236,34.70341,102.43163249285791,-67.728221390563
20237,29.51673,44.42299176196805,-14.90626240710965
20238,16.61631,21.973569536724604,-5.3572594170956975
20239,20.102789,19.49421517816469,0.6085737470062078
20240,19.51977,23.255285474392043,-3.735515805812941
20241,12.815801,22.098102379225853,-9.282301712416771
20242,4.036041,18.583740489503764,-14.547699706575298
20244,26.46154,19.138304369528253,7.323235852639716
20246,24.60939,23.61670459110431,0.9926856676847535
20249,8.00053,16.83865242240088,-8.838122179480958
20251,14.796411,22.066212820431527,-7.269802259823617
20252,12.205971,20.209060771327767,-8.00309000716761
20253,15.26885,19.760939384120977,-4.492089057582891
20254,17.468472,24.256790337450784,-6.788318810351175
20255,12.153251,16.880080503074723,-4.72682980879982
20256,17.63436,18.6784884719288,-1.0441291121875906
20257,51.77148,69.77778053693348,-18.006299976630743
20259,12.432231,19.155192295233487,-6.7229613458316315
20261,43.74576,67.25229280167542,-23.506530930337533
20262,25.639599,26.26395381707948,-0.6243549706439318
20263,20.85506,20.90167398159658,-0.046613404204002507
20264,16.582531,17.229525496298525,-0.6469945209567278
20265,4.57848,15.62657832889583,-11.048098562050127
20266,49.55769,38.508524431129615,11.049165235618432
20267,18.017479,22.27540550745508,-4.257926564583986
20268,11.99271,19.89386854723978,-7.901158433714389
20269,19.13008,17.95609539891119,1.1739838704979881
20270,6.249841,20.21269670263433,-13.96285548940801
20271,8.3490505,16.953687478017756,-8.60463695616717
20272,12.66437,18.750188685243113,-6.085819102113231
20273,12.4634,18.187150371858696,-5.723750484773735
20275,14.93964,21.462294880778323,-6.5226548356123075
20276,18.62694,19.29367660096596,-0.666736827406389
20277,9.612082,19.795235683603295,-10.183154155893334
20278,20.06762,30.487191531360025,-10.419572207629557
20280,17.02489,16.22413329802047,0.8007576016377342
20281,9.810011,16.931756096027232,-7.121745185993053
20282,12.8247,22.114707385700726,-9.29000703017094
20283,12.82352,17.071229653360174,-4.2477099466340995
20284,11.79748,17.347982529766547,-5.5505029002499455
20285,4.3322,16.683235405389603,-12.351035355035599
20286,50.55931,49.60442861467423,0.9548822984117109
20288,21.12175,16.13159338493832,4.9901564929913675
20289,10.01,19.133786786774508,-9.123786557892672
20290,21.565851,20.014634987865445,1.551216223682406
20291,9.75289,16.48908410903973,-6.736194475861019
20292,9.805181,17.651280358812116,-7.846099809190534
20295,6.04878,17.891377264317228,-11.842597299870206
20296,18.63683,17.600382526564108,1.0364468496565955
20297,35.089,25.014527123692886,10.07447357821141
20298,11.285941,19.36207379146487,-8.076132667502467
20299,10.61151,22.461282479331093,-11.84977220253666
20300,17.14296,17.295077015878643,-0.15211742115208082
20301,8.31315,16.99041732827333,-8.677266922389542
20302,2.356871,12.130104036907836,-9.77323314724414
20303,18.3878,20.341504582977745,-1.95370436630294
20304,5.88588,11.334812665195269,-5.448932671756548
20305,2.56676,12.441114380885912,-9.874354317714525
20306,32.27092,24.09318074365974,8.177739056144947
20307,13.5253105,16.522400588846455,-2.9970900724890335
20309,8.11212,17.145004733054037,-9.03288505837142
20310,9.74985,19.95934703022797,-10.209496757095646
20311,18.16724,20.526266817253447,-2.359026674431181
20313,27.158041,26.23880232441201,0.9192386759542011
20314,18.85205,17.60408327757478,1.2479675036752198
20315,16.64451,15.85619401847643,0.7883162506886094
20316,27.23436,25.17335273267013,2.061007008540809
20317,14.82331,16.227336346705904,-1.4040264483294393
20319,11.81172,16.78339880245186,-4.97167890804268
20320,13.47029,16.44440383523784,-2.974113651216843
20321,27.62797,18.671428244026828,8.956541497794461
20322,5.57864,14.339976171654701,-8.761336187523842
20323,24.40797,28.678370268720165,-4.2703998402533685
20324,10.95741,16.803413389462456,-5.846003530758843
20325,5.2677803,9.206539844336088,-3.9387595403810103
20326,15.6484,15.572487866381083,0.07591244032057709
20327,11.90046,15.992125639338774,-4.091665396113676
20328,9.33387,17.865329429842497,-8.531459495760465
20329,11.05355,14.285362553720057,-3.23181278717953
20330,13.795361,14.670668755745428,-0.8753081905598812
20332,12.95492,14.482923862003613,-1.5280040469401364
20334,0.18632,20.118605426724876,-19.932285419877495
20335,11.7811,14.985163100120525,-3.204062826988201
20336,8.61019,14.821974406691437,-6.21178401515091
20337,13.824691,21.174577477700666,-7.349886658914045
20338,8.13739,14.39042768040789,-6.253037543689141
20340,8.06882,22.66155325217622,-14.592733252481395
20341,8.46183,11.555375187779761,-3.093545048619605
20342,11.97748,18.074348472503225,-6.096868537810842
20343,11.960071,16.59405807617275,-4.633987466126364
20344,15.990801,17.016043484847472,-1.0252426273035269
20346,14.96339,13.400105639440033,1.5632847109017636
20348,11.72618,15.720503165858538,-3.9943230892594173
20349,17.46373,14.168649827986062,3.2950800304123753
20350,1.2393101,10.071433038316224,-8.832122892938111
20351,14.08152,20.730866058538776,-6.64934597797237
20352,17.35029,17.072458863201813,0.2778314352601008
20353,6.63564,12.417442133032637,-5.781801988684492
20354,12.29093,14.564730181316714,-2.27380038700519
20355,25.63347,45.94451837062583,-20.31104783534751
20356,13.824039,14.724641224200559,-0.900601764972043
20357,18.324999,14.406206620299033,3.9187922352917877
20358,10.920001,11.778811191600118,-0.8588101616318564
20359,14.16642,13.935120268416789,0.2312997144933675
20361,13.57393,18.167488896646404,-4.593559109964275
20362,6.61227,10.915777456644218,-4.303507578256767
20364,30.711401,29.430987700075967,1.2804132856418065
20365,10.90371,12.860457639936056,-1.9567472746406462
20366,10.34722,13.087839312393488,-2.7406188915560854
20367,9.55006,12.054983360979616,-2.504923088762819
20368,10.410501,18.826034897733937,-8.415534371305714
20372,4.6632605,11.087172073927857,-6.423911614027954
20375,4.38548,11.381478448277335,-6.9959985212143465
20377,7.24521,14.211710112857373,-6.966499942111524
20378,7.68167,17.769157471475566,-10.087487282571757
20379,6.4533,10.668960465705206,-4.215660466468146
20380,14.64208,14.207708074505925,0.4343722325009107
20381,18.21145,14.243942172586491,3.967508404195735
20382,9.3097,10.676724900176742,-1.367024887969711
20383,7.43444,11.11868192566964,-3.6842417897138287
20384,7.2116904,13.560463655769658,-6.348773229896855
20385,7.4722,10.024184272184781,-2.5519843553451818
20386,11.22573,12.44050320079025,-1.2147732584684725
20387,8.58751,16.095097128409186,-7.5075870194614325
20388,6.6502805,11.341410670328003,-4.691130194711548
20389,34.54417,29.80267048660936,4.74149989302931
20390,9.2709,11.787965384568938,-2.5170656119248953
20395,26.6381,17.00350850581906,9.634591164591097
20396,5.9386697,11.5205792919139,-5.5819096103648285
20398,1.0473,8.174562091196671,-7.127262110079423
20400,9.744841,11.48318113740494,-1.7383405154566987
20401,9.16454,11.519495959140604,-2.354955668308085
20402,15.0969,15.576900076639099,-0.48000009037200897
20403,10.9532995,14.741111486393642,-3.7878119639937395
20404,9.25704,9.48337198602423,-0.22633196222051843
20406,10.27615,14.140572383889774,-3.8644226341339145
20407,6.63483,10.165057954203528,-3.5302279561871703
20408,11.77663,17.840349081701856,-6.063718680090528
20409,2.4092607,8.197363782957916,-5.788103033141022
20410,10.14597,10.537280641302061,-0.3913102967586042
20411,9.12231,10.319277766603602,-1.1969680818501836
20414,28.508192,39.213796251839334,-10.705604189461404
20415,4.8590603,9.298528104972364,-4.439467817496778
20416,0.85850024,6.363235133176878,-5.504734890943602
20417,7.38835,12.319379556209025,-4.931029546290812
20418,0.5267,5.8917660270680114,-5.365066007231586
20419,13.59539,10.314774620194624,3.2806156996295943
20421,11.95817,12.451035600216917,-0.49286566308312807
20422,0.92601,6.838008251760397,-5.911998239133749
20424,5.42003,9.201896967995886,-3.7818668509609736
20426,8.05316,7.2356026403056175,0.8175570734394997
20428,1.6565399,5.747827436046359,-4.0912875190541715
20429,0.99469,6.335531267433824,-5.340841266422929
20432,5.4624,9.290455992091973,-3.8280560325277637
20433,15.75243,11.586847689171556,4.165582272986647
20434,8.25951,9.92096774227156,-1.6614577019883576
20438,16.27824,11.624284473117923,4.653955730739499
20440,34.280624,38.42523963518764,-4.1446152455392
20442,23.79055,28.072612121131804,-4.282061889198211
20443,8.00212,7.823433939101621,0.1786860789037501
20447,6.65567,10.521180069286094,-3.8655099032704694
20449,1.08866,6.501271068733886,-5.412611066979125
20450,6.24297,11.276002977046032,-5.03303298726942
20453,16.32757,11.351072460660948,4.976497500886904
20456,6.10371,8.377138323556053,-2.2734281489955066
20458,22.484581,30.999951012410737,-8.515370018758393
20459,15.42616,19.725249020282643,-4.29908916157903
20460,8.94893,17.493151250579594,-8.544221463897465
20463,10.21467,10.317621656247265,-0.10295147497285129
20464,3.55347,9.130796008909336,-5.577326112592807
20465,3.5410101,8.86544436655827,-5.324434225185589
20466,7.2703404,8.335376903246498,-1.0650364605890275
20469,7.4351597,10.591912294094504,-3.156752610866965
20470,8.273971,9.983117133021233,-1.709146529078362
20473,6.61206,7.825261766177473,-1.213201696139631
20474,9.653171,9.678029993385008,-0.02485940775268425
20476,19.73377,27.602605219005262,-7.868834848521864
20477,6.012021,12.86765245848694,-6.85563139372864
20478,5.35491,6.82966816548565,-1.474758268635064
20479,7.92463,13.927388184369514,-6.002758019269416
20480,5.2170205,7.2460438708478705,-2.0290233592206732
20481,8.74287,8.695986991719552,0.046883339090994625
20482,5.68619,9.481866208579941,-3.795676080253525
20483,8.522249,8.818203541087067,-0.29595431928530935
20484,1.5654804,6.353563626535556,-4.788083275087497
20488,8.62499,10.814447998386006,-2.1894575351291703
20490,0.48619002,4.31907292370759,-3.8328829026695344
20491,11.94289,17.54114158970174,-5.598251422465413
20495,12.65039,19.78473970039739,-7.134350029071708
20496,6.49094,7.755737586522811,-1.26479749252867
20497,5.5455,7.904791457370492,-2.35929165573475
20500,8.61081,8.267582596345676,0.34322768350051547
20502,5.83704,7.146476555254558,-1.309436607744792
20503,0.83948004,13.909271925690259,-13.069791883232678
20505,1.41934,7.406622187552861,-5.987282173095158
20508,4.0244503,6.185344498577593,-2.1608941964535697
20509,1.1039903,3.834738166129125,-2.7307478497381337
20510,9.077499,21.0671098838859,-11.989610494237464
20513,12.774759,9.757739606068338,3.0170196865342014
20514,5.77288,7.035191469835778,-1.262311392473717
20517,4.0131,5.436449821589993,-1.4233496743426786
20520,6.9888005,7.076504834570932,-0.08770430890564906
20521,9.54402,23.252810507401584,-13.708790808304904
20522,12.64676,14.19749861299498,-1.550738626117539
20523,7.6316805,15.997414300512071,-8.365733811925645
20524,3.3767104,7.409068392046359,-4.032357977159885
20525,15.941299,22.125500043170206,-6.184200604693643
20526,13.657061,22.29500375920466,-8.637943136035716
20527,7.74072,16.156839730883036,-8.416119935655985
20530,2.7075505,6.720005081472984,-4.012454555807701
20531,12.40991,18.892321617538396,-6.482411415512029
20532,6.38886,6.118037378074217,0.2708228476032728
20536,5.33565,5.990515416419824,-0.6548654492262207
20537,12.0668,20.792279903828838,-8.725479786336162
20538,6.02223,6.70060307107087,-0.6783729227554405
20539,5.81923,5.902936443599705,-0.08370636394882602
20540,6.4430003,15.305946110752997,-8.862945794133124
20541,8.18859,10.534952009277506,-2.346361959533853
20542,8.24862,8.48673169139027,-0.23811165812611002
20544,6.4363303,7.0917056950875725,-0.6553753766366448
20547,12.23047,14.28756167074354,-2.0570919670692245
20548,12.24028,20.56644660421507,-8.326166452847882
20549,4.18343,7.887654355560427,-3.7042241607056905
20551,5.13514,5.82748898788275,-0.6923490457135602
20552,2.39711,4.284750953700441,-1.8876409683488786
20553,7.04809,14.141352933940222,-7.093262952861121
20555,1.7926701,5.258499338947337,-3.465829208217662
20558,3.458,15.540873564671191,-12.082873619984301
20559,7.1281004,14.382860249533817,-7.25475985433118
20560,5.1622,6.027272131452389,-0.8650721573923308
20561,0.37611035,3.69582920928713,-3.3197188641619317
20563,7.4654,5.827492137289973,1.6379080816736504
20565,3.83425,6.267902927138299,-2.4336529538411797
20567,7.0294604,8.337229815685411,-1.3077693855401478
20568,2.85831,4.386714582284051,-1.5284045980768974
20569,12.84918,10.980583816765561,1.868596404792056
20570,6.88673,6.249088242705581,0.6376419513862155
20571,7.3211503,9.457817996896507,-2.136667694009544
20572,3.90293,5.337214946945207,-1.4342849256591963
20574,2.60938,4.501000063754369,-1.891620056964208
20575,9.11891,19.14432015252369,-10.02541031670826
20576,12.3194,5.383146154847115,6.9362536788320845
20577,8.44628,15.869603649427349,-7.423324123670513
20578,3.4644,5.461293380352564,-1.996893327328272
20579,3.1009998,5.878054371712215,-2.777054539558895
20580,15.91044,16.80863881446135,-0.898198369515061
20583,3.65662,4.9703504795184195,-1.3137304538836538
20585,7.0984197,6.206362215119068,0.8920574511712154
20586,0.3382102,4.153090886210808,-3.8148806909078443
20588,0.6006001,3.865666073024131,-3.2650659496186742
20589,6.74483,6.245896531775268,0.49893359975549334
20592,12.047251,15.094240683984525,-3.046989936303861
20593,8.18131,17.827910945817482,-9.646601245805275
20596,4.49828,4.803086460543419,-0.3048064121730576
20597,0.23346,2.7346570521782096,-2.501197057981318
20599,4.55627,4.513769883234769,0.042500239293307374
20600,1.5509101,5.137574372492728,-3.5866642572507237
20601,0.57274,3.9977102409963883,-3.424970222628621
20602,3.26558,4.736102218163553,-1.470522279275003
20603,7.7040806,16.65826036511519,-8.95417978345015
20604,13.17988,5.169928819159044,8.00995132305287
20605,6.42907,4.924818369330103,1.5042516265500243
20606,2.34434,5.396673457659059,-3.0523333716757826
20609,0.47173005,4.782123809006201,-4.310393755581366
20611,9.195721,12.719165434937173,-3.523444762329751
20612,4.1838603,5.250492962193711,-1.0666326602222753
20614,2.23479,3.851287972262444,-1.6164978855162282
20615,14.068049,14.639552670725555,-0.5715032398783872
20617,1.36963,3.8135483587515346,-2.4439183796179287
20620,6.912171,14.852384497543502,-7.940213610550094
20621,7.23179,14.69892032751118,-7.467130261745799
20622,4.71769,5.245787056342517,-0.5280970653452028
20623,26.430061,26.993956830074353,-0.5638954897423218
20624,5.34485,5.302833431638442,0.0420166316855326
20627,9.33956,9.089575791563805,0.24998376348990625
20628,3.28467,4.423552486862163,-1.138882372344951
20629,2.32608,4.2866042376593825,-1.9605241538123366
20632,2.05983,4.29244533676255,-2.2326153864299085
20633,6.9286604,15.038586904481724,-8.109926511720493
20636,0.37304014,3.031687302506048,-2.6586471628309076
20637,4.74691,4.84859538597141,-0.10168529075656618
20638,8.33849,6.930741018196899,1.4077485142738038
20639,4.9790998,4.382288434382723,0.5968113161360762
20640,2.72739,4.471514331510022,-1.7441242806219606
20641,2.19101,3.6459640461884186,-1.4549540478668854
20642,3.0238402,3.8633917047563577,-0.8395515157762552
20644,2.61261,3.070234024522469,-0.45762392282264
20646,4.0523105,5.471925423957513,-1.4196149571911558
20647,1.9254401,3.410226006015055,-1.4847859330017492
20649,14.79183,18.34854914267138,-3.5567190798051698
20651,2.37627,3.7008818904242657,-1.3246118346533917
20652,3.6936202,4.632068125087716,-0.9384479201621785
20653,3.43338,4.10381623821264,-0.6704363496780941
20654,5.23921,4.433994320418846,0.8052158083653334
20655,2.5800102,3.63121284845602,-1.0512026727510642
20657,3.71165,3.3724536257809556,0.3391962689333998
20658,3.39787,4.026777434101433,-0.6289073703196948
20659,7.73487,14.008059421232238,-6.273189464262023
20660,0.22825015,3.142715986363614,-2.9144658404514434
20661,3.4672601,3.715802885709099,-0.24854276340990467
20662,11.502049,11.327999502468261,0.1740499436376961
20663,0.17495,2.0775708669432174,-1.902620863319255
20664,2.96002,3.2184390713001223,-0.2584190059925051
20666,2.1840003,3.1899439893415775,-1.0059437356642094
20667,2.5473602,6.444167485649975,-3.896807303841503
20670,0.84728,4.13535428043119,-3.288074254949012
20672,3.4139502,4.22617296657233,-0.8122227617230866
20673,9.15194,13.032662382539966,-3.880722036775806
20674,8.38539,11.341537656540094,-2.956147374862848
20676,2.13759,2.3321543087034415,-0.19456437721540443
20677,2.29468,3.6123361854026914,-1.3176560668419004
20678,0.391,2.3256553651145557,-1.9346553624919514
20679,10.29418,7.213184210935096,3.08099570544674
20680,5.1817703,4.208968430476173,0.9728018942308578
20681,8.83008,12.102330624193593,-3.2722505918449603
20682,5.3508005,9.199750827287959,-3.8489503130667675
20684,0.7687501,2.745344733033641,-1.9765946615080674
20685,0.9511502,2.941287054315239,-1.9901368754059372
20686,9.600491,15.281383382258158,-5.680892812189798
20689,2.2932,9.4122358754243,-7.119035859402571
20691,7.99868,18.631721785328118,-10.633041670582024
20693,3.71123,3.121618053826105,0.5896119857704525
20694,8.89925,11.477299806359328,-2.57804977584175
20696,4.999,3.355209823372853,1.6437902491063952
20697,2.59869,3.121809073134884,-0.5231190401758998
20699,3.03395,3.179954050564755,-0.1460039601564298
20700,3.11353,4.3895083679155915,-1.2759784473375886
20701,3.75633,3.6856922070937994,0.07063780618134707
20702,2.03063,2.581540548258414,-0.5509104365640782
20703,9.4657,15.661926078522281,-6.1962259289861485
20705,1.03194,2.721902598219004,-1.6899626148510842
20706,4.85225,3.4233773520071784,1.4288727471749505
20708,4.31759,3.021088308045228,1.2965019286185901
20709,8.63227,8.460558137916209,0.17171172139775592
20711,7.00535,13.470125598050856,-6.464775485135817
20713,1.4680002,3.27049626219521,-1.8024960886264845
20714,4.22997,3.3418031019420127,0.8881668763905068
20715,1.62241,2.593892114403766,-0.9714820554285462
20719,7.74604,8.98637498786183,-1.2403351204607063
20720,8.95012,11.712257823030669,-2.7621378508016647
20721,0.10375,2.390621636665215,-2.2868716387513777
20724,1.47147,2.5510760442790055,-1.0796060459193253
20729,0.35979998,3.276387042380045,-2.9165870612627964
20730,1.5893201,2.4948745785202586,-0.9055545149292552
20732,5.96173,8.976103966028152,-3.0143739626712183
20733,1.1112401,3.0032539178850604,-1.8920137693407488
20735,1.37555,2.6550352195129703,-1.279485187850983
20737,2.07177,2.641044620929481,-0.5692746681554333
20739,2.92295,3.095194931379306,-0.17224490200613696
20741,1.35364,1.8068388510848066,-0.4531988907958051
20742,0.91993004,2.568578442264533,-1.6486484014281988
20743,1.1123202,2.6336849689029034,-1.5213647841952618
20744,3.90609,2.7598092035645956,1.1462808175688273
20745,1.3030801,2.894069186923936,-1.5909891049842386
20746,4.26365,9.032564319227143,-4.7689143787364205
20749,2.72986,2.8253889098271725,-0.09552884245961879
20750,1.3732201,2.873386463032006,-1.5001663769342888
20751,3.04284,2.1909454227452954,0.8518945812219898
20754,8.55531,9.02036583770604,-0.46505558837742633
20756,4.40294,2.6533724024000986,1.7495673940476553
20757,2.37376,5.444789272975445,-3.0710292880053522
20758,4.3724303,2.7036031123917375,1.668827212162706
20759,1.49063,2.288772668812644,-0.7981426381806251
20761,2.47613,2.7854935475061957,-0.30936353880868595
20762,6.82652,8.682445042756491,-1.855925076631003
20765,0.25988,1.857959176248031,-1.598079169934707
20768,1.51197,2.1223089370401964,-0.6103388938578234
20771,0.95168,2.1369795318734077,-1.1852995272766975
20772,2.53867,7.440484803377003,-4.901814740358204
20773,0.18296,1.7984645680651588,-1.615504564450733
20774,5.44871,6.598007364600053,-1.149297399847856
20775,2.19749,2.6853979283499934,-0.4879079514670588
20777,2.07783,2.7811673654608318,-0.7033372892431804
20781,0.7083401,2.0866958169629726,-1.3783557085683498
20783,3.65745,3.992452874210323,-0.33500291350170475
20785,2.93047,6.59073493062482,-3.660264940848209
20786,0.60138,2.071208250814237,-1.4698282602365391
20788,1.4705299,1.0375091959725204,0.43302071792976227
20789,1.4464301,2.0066835519026003,-0.5602534648130617
20793,2.63861,2.616646463947282,0.02196342222215142
20795,3.5627604,6.689844645789489,-3.1270842927011104
20800,0.6612701,1.7557921589364525,-1.0945220769395347
20801,1.6575701,2.028422211618761,-0.3708520879462758
20802,1.0449401,1.3919726823618577,-0.3470325683405564
20803,1.01973,1.2705638207273413,-0.25083384884166016
20807,2.14837,2.3495966402704367,-0.20122661272832243
20809,3.19917,2.379684713501075,0.8194853991087885
20810,1.60136,1.929567569625703,-0.32820760620864986
20811,2.65751,3.2855611871409036,-0.6280511449503519
20812,0.76986015,1.6677746437980852,-0.8979144953682145
20815,6.33522,9.78962996263472,-3.4544101025578158
20817,1.35408,5.984686034668543,-4.630606072891809
20818,1.5633401,1.7956458128132062,-0.23230574494974188
20820,1.8654301,2.05228640153774,-0.18685628488429762
20822,5.92346,6.357981583706807,-0.4345215769929398
20823,1.7848301,1.871102647249103,-0.08627255386531396
20824,0.28688002,1.3238851654000352,-1.037005149073131
20826,1.7864699,1.6509082490821787,0.1355616872886709
20827,2.6094198,5.639973001449157,-3.0305531787562856
20828,0.47617012,1.9207293876495617,-1.444559265026118
20830,1.11598,1.451730241965921,-0.3357502128597809
20831,2.65066,2.1567079135451355,0.4939521244492493
20832,0.23122999,2.336024709615551,-2.104794718894802
20835,0.9755204,5.1528670039909485,-4.1773466316002015
20838,1.96905,1.8478515736972456,0.1211984760845537
20840,1.73797,1.875607974822987,-0.1376379802780041
20843,0.77417,1.8214447764952888,-1.047274795015644
20845,2.2220101,5.924172735375288,-3.7021625997246534
20846,0.55875,1.566088667611509,-1.0073386938375528
20847,1.02539,1.5709615305441027,-0.5455715015905505
20849,2.07996,1.7688836306974496,0.31107647710589514
20852,0.29701003,1.3859674783216753,-1.0889574439989367
20853,2.8961902,3.236512990277516,-0.34032282380412715
20855,1.2704301,1.9971151559944322,-0.7266850679512193
20859,3.06268,3.258190119593615,-0.19551011356639325
20862,1.30819,1.9533054570744797,-0.6451154689381882
20863,1.0906501,1.4742745485520345,-0.38362446691751306
20864,1.22199,1.43948197616026,-0.21749198687955928
20865,1.69039,1.4782806809711937,0.2121093098353859
20870,1.3258301,1.383063171478128,-0.05723306951127016
20877,0.8133,1.6693679057144446,-0.8560678921722693
20878,1.26644,1.411957503731574,-0.14551746981891522
20879,1.46764,1.360805945831302,0.10683409647369069
20882,1.48068,1.5836856969589024,-0.1030057080978184
20883,0.86097,1.3619977029629613,-0.5010276826687718
20885,1.47412,1.5533577455322574,-0.07923772466586332
20886,1.09253,3.954082928763986,-2.8615529166332485
20892,1.0854001,1.4662177678708634,-0.38081766334815836
20894,1.8922501,1.3555918745640934,0.5366581864710629
20899,2.32761,2.8615086723512952,-0.5338986564821546
20901,0.7389101,1.1697777291185831,-0.43086765011620276
20902,1.5606701,2.613099113694622,-1.0524289762892267
20904,4.55923,5.583613765359611,-1.024383914590568
20906,0.72535,1.0501404395276008,-0.32479041721162183
20907,3.47802,2.6905228452533714,0.7874971075206765
20908,2.29554,2.502057623045096,-0.2065175286694858
20910,5.20738,4.431137039467329,0.7762427784953179
20912,3.03888,5.216478915493135,-2.1775988057061477
20913,0.78256,1.1922171386375686,-0.4096571477546951
20914,1.06175,1.2668379863831032,-0.20508793202366715
20917,2.29088,3.1362107324515787,-0.8453307676230875
20919,0.43074003,0.9870239656515682,-0.556283937031802
20920,2.4836,4.0761690319143495,-1.5925691307150087
20922,1.04686,0.8385063735972526,0.20835360603226405
20924,3.70952,3.0506169354297406,0.6589031661175007
20925,0.5321101,1.0367036802651965,-0.5045935852410877
20927,3.05867,3.9226377542650948,-0.8639677103197823
20928,2.92793,3.9277856315957838,-0.9998555149423414
20931,1.43269,1.0974713214712946,0.33521870290462097
20932,1.86514,2.523081080216945,-0.6579411189742692
20933,3.68027,3.8073275212559627,-0.12705756466721763
20936,0.16453001,0.8600361649699396,-0.6955061559386438
20937,1.02863,1.0724807184544098,-0.04385070022015691
20941,0.82051,0.8647974710998532,-0.04428744130706752
20942,1.72156,1.8783855064758475,-0.15682550510255644
20945,0.86828005,1.4004484967971422,-0.5321684436584093
20946,3.14228,3.2018304324417604,-0.05955033066563731
20947,0.45535,0.9275700134319957,-0.4722200018448528
20948,0.41822,0.8294363332712719,-0.4112163198912212
20949,0.88741004,1.1578561783362125,-0.2704461336661075
20951,0.3287,1.2000035356622465,-0.8713035296540983
20953,2.3988,3.3222748804488575,-0.9234749842086232
20956,0.59267,0.7852428295374987,-0.192572806096184
20957,1.10289,1.0541032773385735,0.04878673730986405
20961,0.83466,0.8611549165406386,-0.02649492289210953
20962,1.9918201,4.926569039080519,-2.9347489421109145
20965,0.55034,0.8836488656867737,-0.3333088688720459
20966,1.7339901,1.4401475846202079,0.29384248858383266
20967,1.55408,1.7392883135831487,-0.1852083041226995
20968,1.91479,3.018647993169081,-1.1038579588749524
20970,0.43677005,0.7426598018371041,-0.30588975011934594
20975,1.69045,4.402597058782641,-2.7121471057034174
20976,0.61586004,0.8032690853791319,-0.1874090404229246
20982,0.13178003,0.8215223112060076,-0.6897422828628069
20985,0.74599,0.7771448665511376,-0.031154888237691525
20986,0.57832,0.9124816707052485,-0.33416164430754347
20987,0.16926005,1.8427544016114634,-1.673494346784727
20990,0.4538,1.1692177368118994,-0.7154177440121405
20991,0.14446001,0.42815818979633163,-0.2836981822479994
20994,0.18545,0.6233142120846386,-0.43786420953355976
20995,1.55285,4.183180552663509,-2.6303305446526446
20996,0.22495,1.0133283738777474,-0.7883783732340173
20997,0.88972,1.5523384952872732,-0.662618472608898
21001,0.52382,0.8160811416561207,-0.292261158650597
21003,0.44116002,0.7919198987683146,-0.35075987555588173
21006,0.96358,2.788962215490432,-1.8253822031689597
21007,1.8007301,2.496506109504247,-0.6957760002894644
21008,0.99266005,0.6997669413787877,0.2928931042449916
21014,1.09418,0.8296760003238207,0.26450398758358895
21016,0.45426002,0.567733465469617,-0.11347344402148163
21022,0.76216,1.031520774899653,-0.2693607717143809
21024,0.39418998,0.6164007555887355,-0.22221077198239703
21027,1.73954,1.3304894461216268,0.4090505347667399
21028,0.54268,0.5815954776009106,-0.03891545250020256
21032,0.17637,0.5597325180005832,-0.3833625231218143
21033,1.267,1.595834539518692,-0.3288345795730132
21034,0.55135,0.988496996575401,-0.43714699905495424
21035,1.80884,2.1635634818178056,-0.35472344542559364
21037,0.44120002,0.749960262731902,-0.3087602448028248
21038,0.43570003,0.5321511575721681,-0.09645112843741777
21039,1.94374,1.977261580161972,-0.03352156990043631
21040,0.64416003,0.9050446510305198,-0.2608846187581809
21042,1.61798,1.5081420634025766,0.10983793995435698
21044,1.76904,1.8022421655147598,-0.03320217699699857
21048,0.45051998,0.44669410855534014,0.0038258704447514114
21049,0.30830002,0.4146715572636335,-0.1063715389530866
21055,0.41164,0.44922266857493465,-0.03758268015254085
21056,0.64179003,1.0219997697553411,-0.38020973736856134
21057,0.67047,0.5739510616590331,0.0965189376543214
21058,1.8381801,1.8597305732639422,-0.021550508108912902
21064,0.32759,1.318171241174317,-0.9905812524658208
21065,0.59662,0.49518439770806827,0.10143562554251156
21073,0.75292003,1.333426479077533,-0.5805064475299866
21074,0.003110091,1.4736550194600893,-1.4705449284909589
21077,0.21584,0.2717207770941387,-0.05588078016020165
21079,0.68459004,1.9410121196930583,-1.2564220780556377
21080,0.3756,0.4349405512097895,-0.05934054105315806
21084,0.47288,0.8193919213470318,-0.34651191551054494
21086,0.6330201,1.3955744234737983,-0.7625543204960457
21087,1.02205,0.9729341573691704,0.04911586570974802
21088,0.08061002,0.32082490539244474,-0.24021488344363034
21092,0.99817,1.1978837849376998,-0.1997137667415938
21093,0.28810006,0.7233828455339983,-0.4352827817331866
21097,1.34163,1.6241968707991676,-0.28256688880453873
21099,0.17034,0.9371089969191139,-0.7667689953360145
21105,0.43487003,0.7591997207086562,-0.3243296862524031
21109,0.95226,1.404521006074588,-0.45226098867956854
21110,1.52393,1.6698301487203604,-0.14590019514522612
21111,1.46188,1.4547020963454929,0.00717787229769562
21112,0.55859005,1.1463430073992598,-0.5877529528872358
21114,1.49352,1.464591061231961,0.0289289602066376
21118,0.30166999,0.38465162737240094,-0.08298164231647748
21119,1.14641,1.3399600864111143,-0.193550098007794
21126,0.47495002,0.5631022322237643,-0.08815221667887296
21129,0.78355,1.085736294149496,-0.30218627011690313
21131,0.080759995,0.23212625577790247,-0.1513662610922526
21135,0.29346004,0.5278379795676479,-0.23437793828308673
21140,0.55694,0.8913827162740713,-0.3344426971433645
21142,0.10701999,0.35540216329538876,-0.24838217261278683
21144,0.36366004,1.1825323165210426,-0.818872279003495
21146,0.39513004,1.2632192143146208,-0.8680891760532072
21153,0.25441,0.5222124998796017,-0.2678025012242825
21154,0.123830035,1.205541153827793,-1.0817111184989279
21155,0.23466,0.31753589175396985,-0.08287589214497632
21157,0.16893,0.19486226368476414,-0.025932269578471417
21159,0.14194,0.4622477076270893,-0.3203077099540546
21163,0.339,0.5800109290816562,-0.24101094243309662
21164,0.15114,0.33253865562484314,-0.18139865122840454
21167,0.105510004,0.19444186394424037,-0.0889318600794752
21168,0.14085,0.45427494119222667,-0.31342494855936076
21170,0.04078,0.17034628473784993,-0.12956628434922765
21171,0.30307,0.5853862732956578,-0.2823162645409276
21176,0.44148,0.3230626905543394,0.11841732019357015
21179,0.29545,0.6672248208305577,-0.3717748188755253
21180,0.020000005,0.10305055177618559,-0.08305054663528498
21182,0.06688,0.10507200325005041,-0.03819200063221441
21184,0.15858,0.22746238360070592,-0.06888237843179112
21190,0.13297,0.13751606462367985,-0.0045460593498608814
21191,0.090229996,0.1302375149363329,-0.04000751938760777
21192,0.012380008,0.08237014915796753,-0.06999014150353905
21194,0.08985,0.15872152351858387,-0.06887152248146305
21196,0.1944,0.46530465542282606,-0.2709046578308537
21200,0.12786,0.12044591569247305,0.007414079076623323
21201,0.18025,0.3356012002430452,-0.15535119630913863
21202,0.04587,0.06882973537249662,-0.022959736738635078
21207,0.1208,0.15528174437323825,-0.034481740963852564
21209,0.078530006,0.10310706358691711,-0.02457705747624893
21212,0.10528,0.13519499544025626,-0.02991499844909873
21214,0.24428001,0.5773287439558905,-0.33304873349408326
21218,0.033480003,0.07298036591312565,-0.03950036243698277
21222,0.02184,0.08096923420040836,-0.05912923367529144
21224,0.07537,0.08491978850198093,-0.009549789689305449
21226,0.04866,0.11914170022741684,-0.07048170130387672
21227,0.42182004,0.2523282330165433,0.1694918115009738
21233,0.03557,0.06118018870326629,-0.025610189336267616
21244,0.014110003,0.045195779276142885,-0.031085776609431078
21245,0.024029998,0.05492978807964051,-0.03089978997089589
21246,0.02117,0.04440612266755546,-0.023236123053197513
21248,0.011290001,0.03703340710376273,-0.02574340635214816
21252,0.0856,0.15202294440702346,-0.06642294080690292
21256,0.012709999,0.03174147098478942,-0.01903147152778773
21259,0.014120001,0.037621398942565734,-0.023501397596692855
21262,0.01834,0.04143302704502746,-0.02309302616228267
21263,0.012700002,0.03509688026130782,-0.02239687855214463
21265,0.05007,0.07195518088967968,-0.021885181939913526
21266,0.051210005,0.07488409200772614,-0.02367408717140526
21267,0.015690003,0.07184896675027572,-0.056158964159857855
21276,0.008920001,0.03814282942519488,-0.029222828559139394
